date,temp_max,temp_min,temp_mean,precipitation,wind_speed,humidity,cloud_cover,rain_probability,sunshine_duration,uv_index,city
2023-01-01,29.5,22.0,25.9,0.6,13.8,62,78,100.0,33422.99,7.0,Ho Chi Minh City
2023-01-02,32.4,22.4,26.5,2.3,12.6,72,92,100.0,35305.33,7.0,Ho Chi Minh City
2023-01-03,32.3,22.9,26.7,0.2,17.2,78,77,0.0,32261.73,7.0,Ho Chi Minh City
2023-01-04,31.7,23.2,26.9,0.3,20.5,66,100,0.0,17198.61,7.0,Ho Chi Minh City
2023-01-05,26.9,22.7,24.5,3.5,19.3,75,100,100.0,0.0,7.0,Ho Chi Minh City
2023-01-06,28.1,20.9,23.9,20.3,18.9,77,100,100.0,17258.9,7.0,Ho Chi Minh City
2023-01-07,27.7,21.4,23.7,27.1,19.6,80,99,100.0,10387.75,7.0,Ho Chi Minh City
2023-01-08,27.1,20.8,23.7,0.5,9.3,84,99,0.0,6980.76,7.0,Ho Chi Minh City
2023-01-09,27.7,23.0,24.8,17.0,11.5,89,95,100.0,23987.11,7.0,Ho Chi Minh City
2023-01-10,26.3,23.0,24.5,14.2,18.7,88,97,100.0,9033.81,7.0,Ho Chi Minh City
2023-01-11,28.7,23.3,25.5,0.7,18.7,82,70,100.0,37735.26,7.0,Ho Chi Minh City
2023-01-12,28.6,23.1,25.5,3.8,14.1,84,62,100.0,37361.38,7.0,Ho Chi Minh City
2023-01-13,29.9,22.6,26.0,2.3,8.8,86,92,100.0,37989.33,7.0,Ho Chi Minh City
2023-01-14,31.2,23.0,26.8,0.2,9.3,83,50,0.0,40285.28,7.0,Ho Chi Minh City
2023-01-15,30.9,22.8,26.5,0.0,12.0,82,48,0.0,33190.26,7.0,Ho Chi Minh City
2023-01-16,30.5,23.2,26.5,0.3,13.8,80,50,0.0,40603.56,7.0,Ho Chi Minh City
2023-01-17,30.3,21.3,25.6,0.1,14.5,80,91,0.0,39442.64,7.0,Ho Chi Minh City
2023-01-18,30.1,20.4,25.3,0.0,11.9,75,100,0.0,40159.73,7.0,Ho Chi Minh City
2023-01-19,30.6,21.8,25.8,0.0,12.3,71,99,0.0,34328.08,7.0,Ho Chi Minh City
2023-01-20,31.1,21.8,26.4,0.0,9.9,75,98,0.0,38632.42,7.0,Ho Chi Minh City
2023-01-21,31.7,22.1,27.0,0.1,11.0,72,94,0.0,40744.6,7.0,Ho Chi Minh City
2023-01-22,31.5,23.2,27.1,0.3,10.7,79,96,0.0,37093.76,7.0,Ho Chi Minh City
2023-01-23,32.5,23.1,27.4,0.4,12.9,77,89,0.0,40545.04,7.0,Ho Chi Minh City
2023-01-24,32.5,23.3,27.4,0.6,10.8,74,90,100.0,39803.95,7.0,Ho Chi Minh City
2023-01-25,32.1,22.2,26.2,0.0,18.4,62,100,0.0,37538.33,7.0,Ho Chi Minh City
2023-01-26,32.3,21.4,26.4,0.0,10.1,62,97,0.0,39123.41,7.0,Ho Chi Minh City
2023-01-27,32.3,21.9,26.5,1.8,16.9,75,87,100.0,29356.48,7.0,Ho Chi Minh City
2023-01-28,32.3,23.2,27.1,0.0,16.2,55,94,0.0,34549.76,7.0,Ho Chi Minh City
2023-01-29,31.0,21.6,25.6,0.0,9.7,57,93,0.0,32174.56,7.0,Ho Chi Minh City
2023-01-30,31.4,20.4,25.3,0.0,12.0,59,75,0.0,40941.52,7.0,Ho Chi Minh City
2023-01-31,32.4,20.8,26.3,0.0,18.4,69,55,0.0,40958.55,7.0,Ho Chi Minh City
2023-02-01,32.0,22.9,27.1,1.4,12.3,69,76,100.0,29335.0,7.0,Ho Chi Minh City
2023-02-02,33.6,23.9,27.9,1.4,17.4,71,48,100.0,40743.66,7.0,Ho Chi Minh City
2023-02-03,34.8,24.2,28.7,0.0,18.8,63,87,0.0,40512.49,7.0,Ho Chi Minh City
2023-02-04,34.7,23.2,28.4,0.3,17.8,62,63,0.0,40770.92,7.0,Ho Chi Minh City
2023-02-05,34.4,23.0,28.0,0.0,18.0,62,66,0.0,40782.84,7.0,Ho Chi Minh City
2023-02-06,34.7,22.6,27.8,0.0,20.8,64,63,0.0,41526.12,7.0,Ho Chi Minh City
2023-02-07,34.0,23.5,27.7,0.9,20.1,68,86,100.0,41046.97,7.0,Ho Chi Minh City
2023-02-08,34.4,23.5,28.0,0.7,16.6,69,52,100.0,41541.77,7.0,Ho Chi Minh City
2023-02-09,33.8,24.1,28.3,0.1,18.0,65,12,0.0,41547.7,7.0,Ho Chi Minh City
2023-02-10,35.2,22.8,27.9,0.0,23.8,63,37,0.0,41849.45,7.0,Ho Chi Minh City
2023-02-11,35.4,22.7,27.7,0.0,22.0,69,73,0.0,41798.26,7.0,Ho Chi Minh City
2023-02-12,35.0,23.4,28.0,0.2,22.6,69,94,0.0,40106.79,7.0,Ho Chi Minh City
2023-02-13,33.7,23.5,27.6,0.0,20.7,74,99,0.0,40351.86,7.0,Ho Chi Minh City
2023-02-14,33.4,23.0,27.1,0.0,22.6,75,85,0.0,32247.75,7.0,Ho Chi Minh City
2023-02-15,33.7,23.4,28.0,0.1,15.0,63,74,0.0,39461.52,7.0,Ho Chi Minh City
2023-02-16,33.5,21.1,27.4,0.0,15.6,59,61,0.0,38054.35,7.0,Ho Chi Minh City
2023-02-17,34.0,22.7,27.8,0.8,15.0,59,67,100.0,40458.64,7.0,Ho Chi Minh City
2023-02-18,31.6,24.2,27.1,0.0,14.5,68,86,0.0,30387.96,7.0,Ho Chi Minh City
2023-02-19,33.6,24.4,27.4,1.9,16.7,72,89,100.0,39168.29,7.0,Ho Chi Minh City
2023-02-20,31.2,23.2,26.6,3.7,18.9,72,63,100.0,35922.15,7.0,Ho Chi Minh City
2023-02-21,33.5,22.0,27.3,0.0,19.5,66,83,0.0,42212.06,7.0,Ho Chi Minh City
2023-02-22,32.9,22.5,27.3,0.1,18.2,65,82,0.0,41770.69,7.0,Ho Chi Minh City
2023-02-23,33.6,22.3,27.5,0.1,17.5,66,57,0.0,42280.56,7.0,Ho Chi Minh City
2023-02-24,33.7,22.6,27.4,0.0,19.6,68,46,0.0,42232.58,7.0,Ho Chi Minh City
2023-02-25,33.3,21.9,27.1,0.0,15.5,61,53,0.0,38624.23,7.0,Ho Chi Minh City
2023-02-26,35.0,21.8,27.7,0.0,14.9,51,71,0.0,42383.56,7.0,Ho Chi Minh City
2023-02-27,34.5,22.4,27.7,0.0,17.4,55,88,0.0,40545.13,7.0,Ho Chi Minh City
2023-02-28,34.5,23.4,28.0,0.3,16.9,61,85,0.0,38563.84,7.0,Ho Chi Minh City
2023-03-01,33.4,24.0,28.1,0.0,15.0,67,94,0.0,36954.59,7.0,Ho Chi Minh City
2023-03-02,34.4,23.7,28.5,0.0,15.5,61,69,0.0,41692.56,7.0,Ho Chi Minh City
2023-03-03,34.2,22.5,27.7,0.0,16.6,59,71,0.0,42543.75,7.0,Ho Chi Minh City
2023-03-04,33.3,22.2,27.3,0.0,17.3,56,87,0.0,41158.46,7.0,Ho Chi Minh City
2023-03-05,32.3,21.6,26.7,0.0,13.2,57,60,0.0,42605.47,7.0,Ho Chi Minh City
2023-03-06,33.0,21.2,26.6,0.0,23.3,58,66,0.0,42637.36,7.0,Ho Chi Minh City
2023-03-07,33.7,21.6,26.8,0.0,18.9,61,14,0.0,42669.83,7.0,Ho Chi Minh City
2023-03-08,34.2,22.2,27.1,0.0,20.7,60,30,0.0,42702.83,7.0,Ho Chi Minh City
2023-03-09,34.2,21.6,26.8,0.0,23.6,60,0,0.0,42736.28,7.0,Ho Chi Minh City
2023-03-10,34.0,21.4,26.5,0.0,21.2,66,1,0.0,42770.1,7.0,Ho Chi Minh City
2023-03-11,34.7,22.2,27.0,0.0,21.8,66,14,0.0,42804.23,7.0,Ho Chi Minh City
2023-03-12,33.2,22.3,26.8,0.1,19.9,65,41,0.0,40247.05,7.0,Ho Chi Minh City
2023-03-13,34.3,22.6,27.5,0.0,22.5,59,40,0.0,42873.14,7.0,Ho Chi Minh City
2023-03-14,34.2,22.3,27.3,0.0,24.0,59,26,0.0,42907.78,7.0,Ho Chi Minh City
2023-03-15,35.7,22.4,27.6,0.0,27.2,61,48,0.0,42942.43,7.0,Ho Chi Minh City
2023-03-16,35.5,23.4,28.3,0.0,20.8,59,74,0.0,42977.05,7.0,Ho Chi Minh City
2023-03-17,35.6,23.3,28.3,0.2,20.8,63,63,0.0,43011.55,7.0,Ho Chi Minh City
2023-03-18,35.2,24.0,28.3,0.0,23.9,63,53,0.0,42168.51,7.0,Ho Chi Minh City
2023-03-19,37.0,24.1,28.9,0.0,28.3,62,11,0.0,43079.95,7.0,Ho Chi Minh City
2023-03-20,34.8,24.4,28.5,0.5,19.2,68,46,0.0,40231.26,7.0,Ho Chi Minh City
2023-03-21,35.4,24.5,28.7,0.0,17.7,70,50,0.0,43148.94,7.0,Ho Chi Minh City
2023-03-22,35.7,24.7,28.8,0.0,19.8,70,71,0.0,43184.21,7.0,Ho Chi Minh City
2023-03-23,35.0,25.0,28.9,0.3,16.8,70,64,0.0,39600.0,7.0,Ho Chi Minh City
2023-03-24,36.4,24.0,29.0,0.0,20.7,70,79,0.0,43200.0,7.0,Ho Chi Minh City
2023-03-25,34.1,25.3,28.5,0.1,20.0,70,58,0.0,40716.82,7.0,Ho Chi Minh City
2023-03-26,35.8,23.3,28.6,0.0,18.8,72,62,0.0,43200.0,7.0,Ho Chi Minh City
2023-03-27,35.8,25.0,29.4,0.0,22.4,69,74,0.0,43200.0,7.0,Ho Chi Minh City
2023-03-28,35.9,25.8,29.5,2.1,21.7,70,65,100.0,43200.0,7.0,Ho Chi Minh City
2023-03-29,35.2,24.9,29.3,0.0,18.5,65,62,0.0,43200.0,7.0,Ho Chi Minh City
2023-03-30,34.8,25.0,29.0,0.5,19.7,68,63,0.0,43200.0,7.0,Ho Chi Minh City
2023-03-31,34.4,25.5,29.0,0.1,17.3,68,44,0.0,43200.0,7.0,Ho Chi Minh City
2023-04-01,34.3,24.7,28.7,0.0,21.8,71,71,0.0,40935.09,7.0,Ho Chi Minh City
2023-04-02,35.0,23.7,28.7,0.1,19.6,72,36,0.0,43200.0,7.0,Ho Chi Minh City
2023-04-03,34.0,25.7,28.5,7.7,20.8,73,49,100.0,43200.0,7.0,Ho Chi Minh City
2023-04-04,34.5,25.0,28.8,1.5,17.2,75,59,100.0,43200.0,7.0,Ho Chi Minh City
2023-04-05,34.3,25.5,29.2,0.5,18.7,71,71,0.0,43200.0,7.0,Ho Chi Minh City
2023-04-06,35.2,25.4,29.5,1.0,19.3,72,29,100.0,43200.0,7.0,Ho Chi Minh City
2023-04-07,35.4,26.4,30.0,0.0,19.7,67,29,0.0,43200.0,7.0,Ho Chi Minh City
2023-04-08,36.3,25.3,30.3,0.0,19.7,63,13,0.0,43200.0,7.0,Ho Chi Minh City
2023-04-09,36.9,26.1,30.5,0.7,17.5,65,53,100.0,43200.0,7.0,Ho Chi Minh City
2023-04-10,35.4,25.9,29.5,2.8,20.3,71,94,100.0,41923.66,7.0,Ho Chi Minh City
2023-04-11,33.6,26.4,29.3,6.1,14.3,73,83,100.0,42248.63,7.0,Ho Chi Minh City
2023-04-12,34.9,25.9,29.5,0.6,17.2,75,39,100.0,43200.0,7.0,Ho Chi Minh City
2023-04-13,34.6,25.9,29.6,3.0,16.8,73,36,100.0,43200.0,7.0,Ho Chi Minh City
2023-04-14,35.0,24.2,29.5,4.7,17.5,73,60,100.0,43200.0,7.0,Ho Chi Minh City
2023-04-15,33.8,25.3,28.5,39.5,15.6,77,67,100.0,41931.06,7.0,Ho Chi Minh City
2023-04-16,32.1,25.3,28.1,7.2,14.8,81,100,100.0,28553.7,7.0,Ho Chi Minh City
2023-04-17,33.3,25.7,28.8,0.1,20.9,78,60,0.0,43200.0,7.0,Ho Chi Minh City
2023-04-18,33.3,26.1,29.1,0.5,17.9,76,19,0.0,43200.0,7.0,Ho Chi Minh City
2023-04-19,34.3,24.9,29.4,0.7,15.9,76,34,100.0,43200.0,7.0,Ho Chi Minh City
2023-04-20,36.4,26.4,30.8,0.2,20.9,69,48,0.0,43200.0,7.0,Ho Chi Minh City
2023-04-21,36.6,26.4,30.6,1.4,12.4,70,67,100.0,39452.49,7.0,Ho Chi Minh City
2023-04-22,36.3,26.6,30.6,0.3,18.7,71,57,0.0,43200.0,7.0,Ho Chi Minh City
2023-04-23,36.1,26.8,30.7,0.3,19.5,68,39,0.0,43200.0,7.0,Ho Chi Minh City
2023-04-24,37.5,25.8,30.9,0.2,13.2,66,31,0.0,42352.59,7.0,Ho Chi Minh City
2023-04-25,37.7,26.8,31.1,0.8,22.3,66,86,100.0,43200.0,7.0,Ho Chi Minh City
2023-04-26,36.3,26.8,31.0,0.0,18.1,62,84,0.0,43200.0,7.0,Ho Chi Minh City
2023-04-27,37.5,26.6,31.0,0.3,22.8,64,61,0.0,43200.0,7.0,Ho Chi Minh City
2023-04-28,37.4,27.0,31.3,1.2,16.0,62,72,100.0,43200.0,7.0,Ho Chi Minh City
2023-04-29,36.8,27.2,30.9,2.7,18.9,65,86,100.0,43200.0,7.0,Ho Chi Minh City
2023-04-30,34.9,26.0,29.8,2.3,18.5,72,90,100.0,40724.11,7.0,Ho Chi Minh City
2023-05-01,36.9,26.5,30.7,0.3,16.6,64,38,0.0,43200.0,7.0,Ho Chi Minh City
2023-05-02,37.5,26.7,31.1,2.2,19.6,60,27,100.0,43200.0,7.0,Ho Chi Minh City
2023-05-03,37.0,27.6,31.4,1.5,17.8,63,76,100.0,43200.0,7.0,Ho Chi Minh City
2023-05-04,37.2,27.6,31.3,0.0,20.2,65,76,0.0,43200.0,7.0,Ho Chi Minh City
2023-05-05,36.8,27.1,31.8,0.2,12.8,63,60,0.0,43200.0,7.0,Ho Chi Minh City
2023-05-06,37.9,27.5,32.2,0.0,16.9,63,65,0.0,43200.0,7.0,Ho Chi Minh City
2023-05-07,36.7,28.2,31.8,1.3,19.1,65,85,100.0,43200.0,7.0,Ho Chi Minh City
2023-05-08,35.7,26.6,29.3,18.3,15.4,77,96,100.0,25200.0,7.0,Ho Chi Minh City
2023-05-09,32.2,25.9,27.6,16.3,18.8,86,99,100.0,21777.76,7.0,Ho Chi Minh City
2023-05-10,31.6,25.7,28.3,7.9,15.2,84,63,100.0,43200.0,7.0,Ho Chi Minh City
2023-05-11,31.9,26.0,28.7,8.3,10.9,82,84,100.0,34821.4,7.0,Ho Chi Minh City
2023-05-12,32.0,26.3,28.5,3.1,15.0,82,91,100.0,32358.04,7.0,Ho Chi Minh City
2023-05-13,32.9,26.1,29.1,4.8,12.0,81,63,100.0,43200.0,7.0,Ho Chi Minh City
2023-05-14,33.2,25.6,28.5,3.7,17.3,81,75,100.0,43200.0,7.0,Ho Chi Minh City
2023-05-15,33.8,25.7,29.0,0.8,13.0,80,38,100.0,43200.0,7.0,Ho Chi Minh City
2023-05-16,34.2,26.5,29.2,5.0,15.5,80,68,100.0,41832.58,7.0,Ho Chi Minh City
2023-05-17,33.8,26.2,28.7,11.1,11.3,82,81,100.0,35357.39,7.0,Ho Chi Minh City
2023-05-18,34.0,26.2,28.5,11.1,19.3,83,50,100.0,34351.57,7.0,Ho Chi Minh City
2023-05-19,34.6,25.7,29.4,0.3,18.0,78,83,0.0,43200.0,7.0,Ho Chi Minh City
2023-05-20,32.7,26.4,28.6,4.9,21.3,82,99,100.0,30874.9,7.0,Ho Chi Minh City
2023-05-21,31.9,26.1,27.9,8.3,18.4,86,100,100.0,32220.94,7.0,Ho Chi Minh City
2023-05-22,33.6,25.0,27.6,13.9,13.4,86,99,100.0,29370.23,7.0,Ho Chi Minh City
2023-05-23,32.8,25.1,27.8,13.0,14.9,85,80,100.0,32851.6,7.0,Ho Chi Minh City
2023-05-24,32.6,25.6,28.1,7.4,16.4,85,86,100.0,34547.92,7.0,Ho Chi Minh City
2023-05-25,31.1,24.4,27.4,9.8,16.4,86,98,100.0,37892.81,7.0,Ho Chi Minh City
2023-05-26,30.8,25.3,27.4,10.8,15.6,86,87,100.0,28778.6,7.0,Ho Chi Minh City
2023-05-27,30.5,24.2,26.3,35.9,15.8,88,95,100.0,22862.43,7.0,Ho Chi Minh City
2023-05-28,30.3,24.3,26.7,20.3,15.0,88,84,100.0,38427.86,7.0,Ho Chi Minh City
2023-05-29,31.6,24.5,27.1,11.6,15.6,87,88,100.0,26968.57,7.0,Ho Chi Minh City
2023-05-30,30.6,25.2,27.1,8.8,21.6,88,99,100.0,21511.67,7.0,Ho Chi Minh City
2023-05-31,31.7,25.9,27.7,4.9,23.0,86,96,100.0,28960.19,7.0,Ho Chi Minh City
2023-06-01,31.3,25.3,27.4,12.2,23.5,87,92,100.0,26253.07,7.0,Ho Chi Minh City
2023-06-02,31.1,25.8,27.9,8.3,20.4,87,98,100.0,31777.04,7.0,Ho Chi Minh City
2023-06-03,32.8,25.6,28.1,6.3,18.3,87,59,100.0,38467.95,7.0,Ho Chi Minh City
2023-06-04,32.2,25.6,27.5,13.7,17.7,87,91,100.0,29431.97,7.0,Ho Chi Minh City
2023-06-05,31.3,25.2,26.7,28.4,14.8,89,100,100.0,15863.16,7.0,Ho Chi Minh City
2023-06-06,30.9,25.0,27.2,19.1,22.9,87,100,100.0,31869.25,7.0,Ho Chi Minh City
2023-06-07,28.5,25.0,26.6,6.8,17.1,89,100,100.0,144.41,7.0,Ho Chi Minh City
2023-06-08,30.0,25.1,27.4,2.3,16.7,87,100,100.0,24397.72,7.0,Ho Chi Minh City
2023-06-09,31.1,25.3,27.6,7.3,19.1,84,98,100.0,28800.0,7.0,Ho Chi Minh City
2023-06-10,31.6,25.0,27.2,15.0,14.1,88,97,100.0,24509.47,7.0,Ho Chi Minh City
2023-06-11,31.9,25.5,28.0,1.2,23.5,81,100,100.0,38016.17,7.0,Ho Chi Minh City
2023-06-12,31.5,25.3,27.1,12.0,26.1,86,98,100.0,25897.49,7.0,Ho Chi Minh City
2023-06-13,30.9,24.4,27.3,1.1,14.5,85,94,100.0,32063.74,7.0,Ho Chi Minh City
2023-06-14,31.7,25.5,27.8,14.0,20.9,85,85,100.0,35815.61,7.0,Ho Chi Minh City
2023-06-15,33.1,24.6,28.3,7.7,15.8,82,75,100.0,39520.99,7.0,Ho Chi Minh City
2023-06-16,32.2,25.2,27.8,12.5,17.7,87,80,100.0,34398.5,7.0,Ho Chi Minh City
2023-06-17,31.7,25.2,27.2,14.4,9.2,88,99,100.0,21737.34,7.0,Ho Chi Minh City
2023-06-18,31.6,24.9,26.9,11.0,19.5,85,86,100.0,38731.03,7.0,Ho Chi Minh City
2023-06-19,32.1,24.0,27.5,14.8,19.7,84,82,100.0,38557.44,7.0,Ho Chi Minh City
2023-06-20,32.6,25.4,28.2,5.1,16.0,83,59,100.0,39644.08,7.0,Ho Chi Minh City
2023-06-21,31.2,24.9,27.7,7.4,11.2,86,85,100.0,32984.42,7.0,Ho Chi Minh City
2023-06-22,31.9,24.9,27.7,4.7,13.2,83,57,100.0,33354.41,7.0,Ho Chi Minh City
2023-06-23,33.2,25.6,28.5,7.7,10.7,83,87,100.0,38370.92,7.0,Ho Chi Minh City
2023-06-24,32.5,25.7,28.0,4.4,12.7,86,78,100.0,43200.0,7.0,Ho Chi Minh City
2023-06-25,31.8,25.0,27.1,7.3,16.5,89,99,100.0,28800.0,7.0,Ho Chi Minh City
2023-06-26,32.6,24.6,27.5,0.3,17.4,86,99,0.0,40338.01,7.0,Ho Chi Minh City
2023-06-27,31.7,24.0,27.3,10.2,11.2,86,100,100.0,32810.99,7.0,Ho Chi Minh City
2023-06-28,31.4,25.1,27.3,6.6,12.1,87,79,100.0,25932.88,7.0,Ho Chi Minh City
2023-06-29,32.1,25.1,27.7,14.3,15.9,86,92,100.0,29976.67,7.0,Ho Chi Minh City
2023-06-30,31.7,25.6,27.8,10.4,19.5,86,88,100.0,36713.66,7.0,Ho Chi Minh City
2023-07-01,31.7,25.4,27.2,16.0,18.8,87,94,100.0,19993.33,7.0,Ho Chi Minh City
2023-07-02,29.8,24.9,26.7,17.2,15.9,87,99,100.0,21215.69,7.0,Ho Chi Minh City
2023-07-03,31.9,24.4,27.1,8.1,17.6,86,96,100.0,36182.7,7.0,Ho Chi Minh City
2023-07-04,32.4,24.2,27.9,0.0,12.9,81,100,0.0,34846.09,7.0,Ho Chi Minh City
2023-07-05,31.6,24.6,27.1,19.3,10.8,87,84,100.0,33487.34,7.0,Ho Chi Minh City
2023-07-06,32.1,23.8,27.0,30.5,15.0,88,90,100.0,36000.0,7.0,Ho Chi Minh City
2023-07-07,31.6,24.6,27.9,2.3,16.6,83,93,100.0,41390.45,7.0,Ho Chi Minh City
2023-07-08,30.2,25.5,27.5,12.5,17.3,85,96,100.0,29358.34,7.0,Ho Chi Minh City
2023-07-09,30.6,25.0,26.8,7.4,14.1,88,86,100.0,23970.07,7.0,Ho Chi Minh City
2023-07-10,32.0,24.4,27.7,2.5,13.4,84,74,100.0,39600.0,7.0,Ho Chi Minh City
2023-07-11,32.5,24.7,28.2,3.0,18.8,82,79,100.0,42666.45,7.0,Ho Chi Minh City
2023-07-12,32.0,24.1,28.1,2.5,11.0,84,99,100.0,36000.0,7.0,Ho Chi Minh City
2023-07-13,31.6,25.2,27.4,21.5,12.3,89,95,100.0,32033.85,7.0,Ho Chi Minh City
2023-07-14,31.6,24.8,26.9,30.0,17.6,87,88,100.0,39740.93,7.0,Ho Chi Minh City
2023-07-15,30.1,25.1,27.2,12.5,18.0,87,99,100.0,22330.46,7.0,Ho Chi Minh City
2023-07-16,30.9,26.0,27.4,8.0,26.9,84,100,100.0,23997.29,7.0,Ho Chi Minh City
2023-07-17,29.9,25.3,26.7,13.4,28.1,86,98,100.0,21171.02,7.0,Ho Chi Minh City
2023-07-18,29.7,24.9,26.6,18.8,27.9,88,98,100.0,25600.61,7.0,Ho Chi Minh City
2023-07-19,31.0,25.1,26.8,14.3,21.9,87,94,100.0,31644.73,7.0,Ho Chi Minh City
2023-07-20,28.9,24.7,26.2,13.4,16.8,89,98,100.0,15026.34,7.0,Ho Chi Minh City
2023-07-21,29.9,24.9,26.5,16.2,12.9,88,100,100.0,24701.7,7.0,Ho Chi Minh City
2023-07-22,29.1,24.1,26.0,12.6,15.5,90,100,100.0,20662.25,7.0,Ho Chi Minh City
2023-07-23,30.4,24.5,26.3,14.6,19.4,89,87,100.0,23821.13,7.0,Ho Chi Minh City
2023-07-24,30.8,24.3,26.4,18.8,19.4,89,91,100.0,20991.46,7.0,Ho Chi Minh City
2023-07-25,31.2,24.6,26.8,10.7,22.6,88,90,100.0,27000.79,7.0,Ho Chi Minh City
2023-07-26,30.9,25.0,27.1,14.8,23.1,87,88,100.0,37057.01,7.0,Ho Chi Minh City
2023-07-27,30.3,25.6,26.8,24.8,21.3,89,99,100.0,18387.69,7.0,Ho Chi Minh City
2023-07-28,31.3,25.3,27.2,18.0,23.2,87,91,100.0,32985.08,7.0,Ho Chi Minh City
2023-07-29,29.5,24.9,27.0,11.2,24.5,87,98,100.0,17023.41,7.0,Ho Chi Minh City
2023-07-30,30.0,24.8,27.0,9.7,22.7,87,100,100.0,19227.88,7.0,Ho Chi Minh City
2023-07-31,31.1,24.9,27.2,8.0,22.8,86,79,100.0,26341.81,7.0,Ho Chi Minh City
2023-08-01,30.9,25.4,27.0,17.2,18.7,88,100,100.0,19168.29,7.0,Ho Chi Minh City
2023-08-02,31.5,25.3,27.3,12.7,24.2,86,92,100.0,32289.41,7.0,Ho Chi Minh City
2023-08-03,31.0,25.4,27.4,17.5,23.4,85,100,100.0,30820.7,7.0,Ho Chi Minh City
2023-08-04,31.9,25.0,27.5,5.6,21.0,85,95,100.0,33327.98,7.0,Ho Chi Minh City
2023-08-05,31.7,24.8,27.6,6.4,21.5,85,37,100.0,43200.0,7.0,Ho Chi Minh City
2023-08-06,32.8,24.3,28.0,8.7,20.7,82,70,100.0,43200.0,7.0,Ho Chi Minh City
2023-08-07,32.0,25.2,28.2,2.2,21.0,82,55,100.0,43200.0,7.0,Ho Chi Minh City
2023-08-08,31.7,25.2,27.8,2.3,19.6,83,71,100.0,38312.2,7.0,Ho Chi Minh City
2023-08-09,31.7,25.0,28.2,1.6,16.9,82,36,100.0,39756.24,7.0,Ho Chi Minh City
2023-08-10,32.4,25.3,28.2,1.3,19.5,82,41,100.0,43200.0,7.0,Ho Chi Minh City
2023-08-11,31.4,25.7,28.1,2.1,21.6,83,38,100.0,43200.0,7.0,Ho Chi Minh City
2023-08-12,31.3,25.2,27.6,11.7,18.0,85,60,100.0,42021.5,7.0,Ho Chi Minh City
2023-08-13,30.6,25.3,27.5,5.4,17.0,86,58,100.0,39543.81,7.0,Ho Chi Minh City
2023-08-14,31.8,25.2,27.5,4.8,18.0,86,60,100.0,40799.79,7.0,Ho Chi Minh City
2023-08-15,31.5,24.4,27.5,8.9,18.3,84,78,100.0,35944.08,7.0,Ho Chi Minh City
2023-08-16,31.8,24.7,27.4,10.4,18.1,85,87,100.0,34353.79,7.0,Ho Chi Minh City
2023-08-17,31.0,25.1,27.5,6.0,23.3,86,66,100.0,43200.0,7.0,Ho Chi Minh City
2023-08-18,31.3,24.4,26.9,8.3,18.6,88,67,100.0,33835.52,7.0,Ho Chi Minh City
2023-08-19,31.4,25.0,26.5,27.8,16.3,90,81,100.0,26922.63,7.0,Ho Chi Minh City
2023-08-20,30.3,25.1,26.5,21.3,18.9,88,91,100.0,20361.01,7.0,Ho Chi Minh City
2023-08-21,31.7,24.6,27.2,8.8,17.8,86,89,100.0,36000.0,7.0,Ho Chi Minh City
2023-08-22,31.8,24.4,27.3,4.5,21.2,86,47,100.0,38909.81,7.0,Ho Chi Minh City
2023-08-23,32.4,24.8,28.2,0.9,16.6,80,47,100.0,43200.0,7.0,Ho Chi Minh City
2023-08-24,32.4,24.5,28.1,0.8,15.9,79,53,100.0,43200.0,7.0,Ho Chi Minh City
2023-08-25,32.9,24.8,28.4,1.4,11.2,81,58,100.0,43200.0,7.0,Ho Chi Minh City
2023-08-26,32.0,25.6,27.7,32.0,14.2,85,85,100.0,32400.0,7.0,Ho Chi Minh City
2023-08-27,31.8,24.9,27.0,38.3,18.2,87,94,100.0,25200.0,7.0,Ho Chi Minh City
2023-08-28,31.9,25.2,27.1,21.5,19.6,88,95,100.0,26394.67,7.0,Ho Chi Minh City
2023-08-29,31.7,24.9,27.1,22.3,19.8,87,100,100.0,30051.2,7.0,Ho Chi Minh City
2023-08-30,31.0,24.3,27.0,8.8,20.2,88,97,100.0,40365.06,7.0,Ho Chi Minh City
2023-08-31,30.2,25.1,26.9,19.9,24.1,89,99,100.0,26685.9,7.0,Ho Chi Minh City
2023-09-01,30.4,24.9,26.5,20.5,19.2,90,99,100.0,16816.62,7.0,Ho Chi Minh City
2023-09-02,29.1,25.0,26.7,11.4,23.9,88,99,100.0,19100.42,7.0,Ho Chi Minh City
2023-09-03,30.6,25.0,27.0,13.5,20.5,87,98,100.0,32029.55,7.0,Ho Chi Minh City
2023-09-04,30.1,24.7,26.8,12.7,25.3,88,99,100.0,25762.42,7.0,Ho Chi Minh City
2023-09-05,30.5,24.6,26.8,21.6,20.5,89,98,100.0,28835.77,7.0,Ho Chi Minh City
2023-09-06,30.2,24.6,27.0,5.8,12.0,87,100,100.0,7241.44,7.0,Ho Chi Minh City
2023-09-07,31.3,24.6,27.2,11.9,14.2,89,96,100.0,29676.18,7.0,Ho Chi Minh City
2023-09-08,31.8,24.3,27.0,5.7,16.9,88,100,100.0,31024.83,7.0,Ho Chi Minh City
2023-09-09,31.1,24.4,26.7,10.8,14.2,88,95,100.0,24799.61,7.0,Ho Chi Minh City
2023-09-10,30.6,24.6,26.5,14.5,19.9,89,100,100.0,23620.02,7.0,Ho Chi Minh City
2023-09-11,31.4,24.2,27.4,4.8,18.4,84,99,100.0,27543.2,7.0,Ho Chi Minh City
2023-09-12,30.7,23.9,26.7,5.8,19.0,86,99,100.0,36025.12,7.0,Ho Chi Minh City
2023-09-13,31.4,24.8,26.9,9.7,21.0,86,98,100.0,34508.17,7.0,Ho Chi Minh City
2023-09-14,31.0,24.8,26.5,15.1,13.8,89,99,100.0,29188.58,7.0,Ho Chi Minh City
2023-09-15,29.6,24.8,26.4,18.3,21.7,87,100,100.0,17971.4,7.0,Ho Chi Minh City
2023-09-16,30.3,24.1,26.4,8.0,16.8,88,98,100.0,28726.8,7.0,Ho Chi Minh City
2023-09-17,31.5,24.1,26.7,23.2,13.6,88,93,100.0,32544.9,7.0,Ho Chi Minh City
2023-09-18,31.6,23.9,27.1,8.5,9.1,86,99,100.0,36000.0,7.0,Ho Chi Minh City
2023-09-19,32.0,24.6,27.2,14.4,12.0,87,92,100.0,32400.0,7.0,Ho Chi Minh City
2023-09-20,31.7,24.5,27.3,18.0,10.9,86,88,100.0,38413.2,7.0,Ho Chi Minh City
2023-09-21,30.2,23.9,26.4,34.3,16.3,89,100,100.0,23905.23,7.0,Ho Chi Minh City
2023-09-22,31.0,23.9,26.9,24.0,11.2,87,92,100.0,32400.0,7.0,Ho Chi Minh City
2023-09-23,30.3,23.9,26.2,4.4,19.3,89,95,100.0,27390.85,7.0,Ho Chi Minh City
2023-09-24,30.5,24.5,26.5,24.4,13.7,89,95,100.0,33267.43,7.0,Ho Chi Minh City
2023-09-25,30.3,24.3,26.4,8.5,19.5,88,100,100.0,28760.99,7.0,Ho Chi Minh City
2023-09-26,28.6,24.7,26.0,21.2,22.4,90,99,100.0,17380.02,7.0,Ho Chi Minh City
2023-09-27,30.1,24.2,26.2,23.2,16.6,89,100,100.0,21904.63,7.0,Ho Chi Minh City
2023-09-28,30.9,23.7,26.5,10.0,13.3,90,98,100.0,25200.0,7.0,Ho Chi Minh City
2023-09-29,31.8,24.2,27.4,28.8,15.2,86,95,100.0,37701.02,7.0,Ho Chi Minh City
2023-09-30,30.6,24.0,26.5,14.0,23.2,85,83,100.0,23899.18,7.0,Ho Chi Minh City
2023-10-01,31.6,23.7,26.6,32.6,16.6,88,91,100.0,25200.0,7.0,Ho Chi Minh City
2023-10-02,28.7,23.9,25.8,34.1,15.6,91,100,100.0,11989.86,7.0,Ho Chi Minh City
2023-10-03,30.9,23.6,26.4,10.9,16.5,87,84,100.0,27155.73,7.0,Ho Chi Minh City
2023-10-04,31.2,24.2,27.2,2.3,17.1,86,72,100.0,32400.0,7.0,Ho Chi Minh City
2023-10-05,31.5,24.4,26.9,8.0,14.1,88,93,100.0,34320.36,7.0,Ho Chi Minh City
2023-10-06,31.9,24.8,27.4,9.8,12.2,87,90,100.0,28291.87,7.0,Ho Chi Minh City
2023-10-07,31.7,25.0,27.1,14.1,15.6,88,95,100.0,27402.65,7.0,Ho Chi Minh City
2023-10-08,32.5,25.0,27.4,16.1,15.0,85,100,100.0,38507.65,7.0,Ho Chi Minh City
2023-10-09,31.8,24.3,27.6,0.7,16.5,82,93,100.0,32625.15,7.0,Ho Chi Minh City
2023-10-10,31.1,24.7,27.7,4.3,10.3,86,86,100.0,32026.71,7.0,Ho Chi Minh City
2023-10-11,31.2,24.8,27.2,11.3,16.6,89,58,100.0,34606.35,7.0,Ho Chi Minh City
2023-10-12,31.8,23.7,26.9,18.6,10.8,88,81,100.0,34268.71,7.0,Ho Chi Minh City
2023-10-13,31.0,23.6,26.5,7.5,17.2,88,93,100.0,34896.77,7.0,Ho Chi Minh City
2023-10-14,30.7,24.3,26.8,7.5,12.2,88,93,100.0,29923.74,7.0,Ho Chi Minh City
2023-10-15,29.9,23.8,26.3,18.1,8.3,89,100,100.0,20678.46,7.0,Ho Chi Minh City
2023-10-16,30.1,24.1,25.9,31.3,18.1,89,97,100.0,21133.49,7.0,Ho Chi Minh City
2023-10-17,30.9,23.7,26.3,17.8,11.3,89,96,100.0,20753.68,7.0,Ho Chi Minh City
2023-10-18,31.0,24.0,26.6,14.8,12.7,89,99,100.0,29821.66,7.0,Ho Chi Minh City
2023-10-19,31.8,24.3,27.2,14.3,11.0,88,90,100.0,32427.55,7.0,Ho Chi Minh City
2023-10-20,32.0,24.7,27.7,9.1,12.0,85,69,100.0,39642.66,7.0,Ho Chi Minh City
2023-10-21,30.9,24.5,26.6,9.7,16.1,88,64,100.0,35213.79,7.0,Ho Chi Minh City
2023-10-22,31.9,24.0,26.8,19.0,18.0,85,79,100.0,36838.5,7.0,Ho Chi Minh City
2023-10-23,30.0,23.9,25.9,16.4,13.8,89,91,100.0,21705.89,7.0,Ho Chi Minh City
2023-10-24,31.7,22.9,27.1,4.5,12.3,84,79,100.0,39600.0,7.0,Ho Chi Minh City
2023-10-25,30.5,24.2,26.5,18.2,14.6,88,63,100.0,32400.0,7.0,Ho Chi Minh City
2023-10-26,31.2,24.3,27.0,7.8,10.6,87,47,100.0,39600.0,7.0,Ho Chi Minh City
2023-10-27,31.2,24.6,27.5,9.2,9.7,86,62,100.0,39600.0,7.0,Ho Chi Minh City
2023-10-28,31.3,24.0,27.1,1.1,14.8,87,94,100.0,29019.38,7.0,Ho Chi Minh City
2023-10-29,30.7,24.6,26.5,17.7,14.0,90,98,100.0,26035.99,7.0,Ho Chi Minh City
2023-10-30,31.2,24.0,26.8,6.3,14.0,88,83,100.0,30644.22,7.0,Ho Chi Minh City
2023-10-31,32.0,24.2,26.7,10.1,20.5,89,73,100.0,29473.51,7.0,Ho Chi Minh City
2023-11-01,31.8,24.1,26.8,3.7,12.6,88,75,100.0,29744.23,7.0,Ho Chi Minh City
2023-11-02,31.8,23.8,26.9,5.9,12.8,86,82,100.0,36000.0,7.0,Ho Chi Minh City
2023-11-03,30.9,24.2,26.8,11.3,13.4,87,93,100.0,26071.07,7.0,Ho Chi Minh City
2023-11-04,31.7,24.1,27.6,0.2,10.2,85,82,0.0,39178.31,7.0,Ho Chi Minh City
2023-11-05,31.9,25.3,27.5,5.2,14.7,86,73,100.0,32531.61,7.0,Ho Chi Minh City
2023-11-06,32.1,24.2,27.7,0.2,15.5,84,94,0.0,39600.0,7.0,Ho Chi Minh City
2023-11-07,30.4,25.0,27.0,10.2,14.7,86,90,100.0,26068.42,7.0,Ho Chi Minh City
2023-11-08,31.6,24.1,27.4,1.2,15.2,85,72,100.0,30548.09,7.0,Ho Chi Minh City
2023-11-09,31.9,24.7,27.5,14.8,12.6,85,80,100.0,36000.0,7.0,Ho Chi Minh City
2023-11-10,29.5,23.9,26.4,2.2,11.4,89,87,100.0,15399.04,7.0,Ho Chi Minh City
2023-11-11,32.0,24.0,27.5,1.3,15.8,84,30,100.0,39624.74,7.0,Ho Chi Minh City
2023-11-12,31.5,23.8,27.2,5.1,8.9,86,58,100.0,39600.0,7.0,Ho Chi Minh City
2023-11-13,32.6,23.7,27.7,1.1,13.5,84,66,100.0,39600.0,7.0,Ho Chi Minh City
2023-11-14,32.0,24.3,27.0,2.3,12.8,87,81,100.0,28708.07,7.0,Ho Chi Minh City
2023-11-15,30.4,24.3,26.6,25.2,12.3,88,95,100.0,28239.5,7.0,Ho Chi Minh City
2023-11-16,30.2,24.1,26.9,0.4,14.0,87,99,0.0,23107.06,7.0,Ho Chi Minh City
2023-11-17,31.4,23.7,26.7,6.1,14.9,85,64,100.0,36000.0,7.0,Ho Chi Minh City
2023-11-18,30.8,22.5,26.1,0.0,15.7,72,73,0.0,39600.0,7.0,Ho Chi Minh City
2023-11-19,30.1,21.1,25.6,0.0,12.0,76,85,0.0,29339.24,7.0,Ho Chi Minh City
2023-11-20,30.6,22.4,26.4,0.0,10.5,77,94,0.0,34633.64,7.0,Ho Chi Minh City
2023-11-21,30.9,22.9,26.8,0.3,11.4,79,99,0.0,39600.0,7.0,Ho Chi Minh City
2023-11-22,31.1,22.7,26.8,0.0,11.6,82,79,0.0,28895.03,7.0,Ho Chi Minh City
2023-11-23,29.7,24.5,26.7,0.3,9.0,86,91,0.0,9618.29,7.0,Ho Chi Minh City
2023-11-24,28.1,23.9,25.6,0.5,10.4,87,100,0.0,0.0,7.0,Ho Chi Minh City
2023-11-25,31.0,22.3,26.1,10.4,10.1,79,98,100.0,36190.52,7.0,Ho Chi Minh City
2023-11-26,31.0,23.6,26.6,0.5,10.6,86,100,0.0,23041.41,7.0,Ho Chi Minh City
2023-11-27,31.2,23.7,27.1,0.0,12.7,79,94,0.0,31580.71,7.0,Ho Chi Minh City
2023-11-28,31.4,21.6,26.5,0.1,13.1,72,59,0.0,39600.0,7.0,Ho Chi Minh City
2023-11-29,32.6,23.4,27.0,6.8,13.2,79,88,100.0,39600.0,7.0,Ho Chi Minh City
2023-11-30,31.7,23.3,26.9,9.4,14.8,86,97,100.0,32858.88,7.0,Ho Chi Minh City
2023-12-01,32.1,24.7,27.9,0.3,11.7,80,84,0.0,38993.88,7.0,Ho Chi Minh City
2023-12-02,29.1,23.3,26.5,2.7,7.6,83,100,100.0,15360.53,7.0,Ho Chi Minh City
2023-12-03,30.4,24.4,26.9,5.9,7.6,84,97,100.0,21173.61,7.0,Ho Chi Minh City
2023-12-04,32.0,23.5,27.1,0.0,15.5,84,66,0.0,37936.51,7.0,Ho Chi Minh City
2023-12-05,32.0,23.6,27.5,1.1,11.2,81,77,100.0,39500.99,7.0,Ho Chi Minh City
2023-12-06,31.3,24.0,27.4,0.9,12.6,83,70,100.0,35553.59,7.0,Ho Chi Minh City
2023-12-07,31.8,24.1,27.4,0.3,11.6,81,56,0.0,39439.23,7.0,Ho Chi Minh City
2023-12-08,31.1,23.7,27.1,0.0,13.7,81,92,0.0,32091.25,7.0,Ho Chi Minh City
2023-12-09,32.1,23.9,27.5,0.2,14.7,79,86,0.0,36109.76,7.0,Ho Chi Minh City
2023-12-10,32.7,24.0,27.9,0.3,14.9,73,50,0.0,39535.36,7.0,Ho Chi Minh City
2023-12-11,33.9,23.0,28.0,0.0,15.5,72,64,0.0,40002.46,7.0,Ho Chi Minh City
2023-12-12,34.4,23.4,28.5,0.0,14.5,67,50,0.0,39674.01,7.0,Ho Chi Minh City
2023-12-13,33.6,23.1,28.5,0.3,12.8,69,69,0.0,32044.13,7.0,Ho Chi Minh City
2023-12-14,35.4,24.7,29.5,0.0,16.7,65,75,0.0,37368.95,7.0,Ho Chi Minh City
2023-12-15,34.5,24.2,28.9,0.0,14.8,65,69,0.0,39567.66,7.0,Ho Chi Minh City
2023-12-16,33.4,24.4,28.6,0.6,14.5,68,68,100.0,39778.35,7.0,Ho Chi Minh City
2023-12-17,34.2,23.7,28.7,0.2,13.0,68,42,0.0,39476.72,7.0,Ho Chi Minh City
2023-12-18,33.5,23.7,28.0,4.0,14.8,73,61,100.0,39081.62,7.0,Ho Chi Minh City
2023-12-19,33.9,23.4,28.3,0.4,14.8,69,84,0.0,39050.26,7.0,Ho Chi Minh City
2023-12-20,33.9,23.6,27.8,9.3,16.0,65,71,100.0,37172.12,7.0,Ho Chi Minh City
2023-12-21,34.4,25.2,28.8,0.0,23.6,56,78,0.0,38989.46,7.0,Ho Chi Minh City
2023-12-22,32.5,24.3,27.5,1.0,25.3,59,93,100.0,25897.97,7.0,Ho Chi Minh City
2023-12-23,33.1,24.2,27.2,0.0,23.4,57,92,0.0,29594.48,7.0,Ho Chi Minh City
2023-12-24,32.4,24.8,27.3,0.0,16.3,63,97,0.0,26602.72,7.0,Ho Chi Minh City
2023-12-25,32.3,23.1,27.2,0.0,15.1,60,75,0.0,39641.61,7.0,Ho Chi Minh City
2023-12-26,32.3,22.0,27.1,0.0,11.4,61,58,0.0,39342.83,7.0,Ho Chi Minh City
2023-12-27,32.7,22.6,27.5,0.2,10.6,67,58,0.0,37773.69,7.0,Ho Chi Minh City
2023-12-28,33.8,23.7,28.3,0.8,12.1,73,41,100.0,39513.88,7.0,Ho Chi Minh City
2023-12-29,33.4,24.6,28.4,0.2,10.4,76,44,0.0,39470.79,7.0,Ho Chi Minh City
2023-12-30,33.4,24.5,28.7,0.1,12.6,73,49,0.0,39940.29,7.0,Ho Chi Minh City
2023-12-31,33.6,24.2,28.3,0.3,16.1,72,83,0.0,40409.4,7.0,Ho Chi Minh City
2024-01-01,33.4,24.0,28.1,0.0,14.7,72,99,0.0,39597.9,7.0,Ho Chi Minh City
2024-01-02,33.4,23.6,28.1,0.1,15.6,73,62,0.0,40578.92,7.0,Ho Chi Minh City
2024-01-03,33.4,24.2,28.3,0.2,15.4,72,44,0.0,40280.38,7.0,Ho Chi Minh City
2024-01-04,33.6,23.4,27.9,0.0,15.5,67,36,0.0,40238.26,7.0,Ho Chi Minh City
2024-01-05,32.9,23.3,27.5,0.0,13.6,70,98,0.0,39877.54,7.0,Ho Chi Minh City
2024-01-06,33.6,23.2,28.0,0.6,11.6,70,69,100.0,38588.75,7.0,Ho Chi Minh City
2024-01-07,33.0,24.2,28.0,0.0,15.2,75,67,0.0,40108.95,7.0,Ho Chi Minh City
2024-01-08,31.3,23.8,27.5,0.6,9.5,73,94,100.0,34388.47,7.0,Ho Chi Minh City
2024-01-09,32.8,23.8,27.9,0.1,11.7,71,71,0.0,39335.06,7.0,Ho Chi Minh City
2024-01-10,33.5,23.6,28.0,0.0,15.6,70,57,0.0,39749.2,7.0,Ho Chi Minh City
2024-01-11,33.6,23.6,27.9,0.1,16.1,70,70,0.0,41104.52,7.0,Ho Chi Minh City
2024-01-12,32.9,22.6,26.9,0.0,18.6,71,77,0.0,41120.25,7.0,Ho Chi Minh City
2024-01-13,32.0,22.2,26.8,0.0,13.5,68,89,0.0,40022.8,7.0,Ho Chi Minh City
2024-01-14,32.2,21.8,26.7,0.0,12.2,65,94,0.0,36297.59,7.0,Ho Chi Minh City
2024-01-15,33.0,21.9,27.2,0.0,11.9,66,82,0.0,39456.77,7.0,Ho Chi Minh City
2024-01-16,33.2,22.9,27.8,0.0,14.8,64,61,0.0,40476.19,7.0,Ho Chi Minh City
2024-01-17,33.1,24.0,28.2,0.0,13.7,63,60,0.0,40117.92,7.0,Ho Chi Minh City
2024-01-18,34.0,24.3,28.4,0.0,15.3,65,84,0.0,40903.86,7.0,Ho Chi Minh City
2024-01-19,33.1,23.6,28.0,0.0,14.1,65,59,0.0,39424.55,7.0,Ho Chi Minh City
2024-01-20,33.0,23.3,27.1,0.0,17.9,71,97,0.0,37382.17,7.0,Ho Chi Minh City
2024-01-21,32.9,23.4,27.5,0.0,15.8,69,91,0.0,38305.1,7.0,Ho Chi Minh City
2024-01-22,34.0,23.7,28.2,0.0,13.8,62,60,0.0,40764.39,7.0,Ho Chi Minh City
2024-01-23,34.0,24.1,28.4,0.0,16.8,59,37,0.0,40790.28,7.0,Ho Chi Minh City
2024-01-24,33.6,23.6,28.2,0.0,14.0,62,65,0.0,41064.67,7.0,Ho Chi Minh City
2024-01-25,33.7,23.7,28.3,0.0,13.4,58,46,0.0,40839.2,7.0,Ho Chi Minh City
2024-01-26,33.0,24.0,27.9,0.0,15.1,60,43,0.0,41110.73,7.0,Ho Chi Minh City
2024-01-27,33.4,22.7,27.6,0.0,15.9,62,24,0.0,41132.18,7.0,Ho Chi Minh City
2024-01-28,33.6,23.0,27.9,0.0,14.9,56,84,0.0,40904.67,7.0,Ho Chi Minh City
2024-01-29,33.4,22.7,27.8,0.0,14.8,56,79,0.0,40924.21,7.0,Ho Chi Minh City
2024-01-30,34.4,23.8,28.1,0.0,19.4,57,75,0.0,41436.64,7.0,Ho Chi Minh City
2024-01-31,34.1,23.5,28.0,0.0,18.1,63,86,0.0,40219.75,7.0,Ho Chi Minh City
2024-02-01,33.6,23.8,28.0,0.3,17.7,65,74,0.0,41221.7,7.0,Ho Chi Minh City
2024-02-02,33.5,23.6,27.6,0.0,19.2,70,57,0.0,41235.78,7.0,Ho Chi Minh City
2024-02-03,34.4,23.9,27.7,0.0,21.6,68,19,0.0,41248.67,7.0,Ho Chi Minh City
2024-02-04,34.4,23.7,27.8,0.0,19.0,72,34,0.0,36287.8,7.0,Ho Chi Minh City
2024-02-05,33.5,24.5,28.0,0.5,17.6,74,61,0.0,38754.99,7.0,Ho Chi Minh City
2024-02-06,34.6,24.3,28.3,0.0,22.5,70,40,0.0,41280.01,7.0,Ho Chi Minh City
2024-02-07,32.7,24.6,28.1,1.4,16.3,73,54,100.0,41288.17,7.0,Ho Chi Minh City
2024-02-08,32.4,24.4,27.6,0.3,18.5,73,64,0.0,40405.71,7.0,Ho Chi Minh City
2024-02-09,34.9,24.0,28.5,0.0,17.3,69,56,0.0,41301.27,7.0,Ho Chi Minh City
2024-02-10,34.6,23.9,28.8,0.0,15.9,64,59,0.0,41549.04,7.0,Ho Chi Minh City
2024-02-11,33.7,23.2,28.7,0.0,13.4,56,29,0.0,41874.42,7.0,Ho Chi Minh City
2024-02-12,33.7,21.8,27.9,0.0,16.7,54,18,0.0,41906.48,7.0,Ho Chi Minh City
2024-02-13,35.6,23.7,28.8,0.0,22.5,56,34,0.0,38704.85,7.0,Ho Chi Minh City
2024-02-14,35.9,25.1,29.7,0.0,19.6,57,50,0.0,40262.3,7.0,Ho Chi Minh City
2024-02-15,36.3,25.6,29.9,0.1,21.4,56,49,0.0,42004.18,7.0,Ho Chi Minh City
2024-02-16,36.5,24.9,29.4,0.0,20.5,57,10,0.0,42037.15,7.0,Ho Chi Minh City
2024-02-17,35.6,23.5,28.5,0.0,21.1,56,67,0.0,42070.28,7.0,Ho Chi Minh City
2024-02-18,35.7,23.7,28.7,0.0,22.1,62,48,0.0,42103.51,7.0,Ho Chi Minh City
2024-02-19,35.3,25.0,28.8,0.0,21.3,68,49,0.0,41790.9,7.0,Ho Chi Minh City
2024-02-20,34.8,24.7,28.6,0.0,21.7,69,72,0.0,40829.94,7.0,Ho Chi Minh City
2024-02-21,34.8,24.2,28.4,0.0,20.7,72,32,0.0,42203.64,7.0,Ho Chi Minh City
2024-02-22,35.7,23.4,28.1,0.0,22.9,72,4,0.0,42237.01,7.0,Ho Chi Minh City
2024-02-23,34.8,24.4,28.6,0.2,23.5,71,47,0.0,42270.46,7.0,Ho Chi Minh City
2024-02-24,35.5,24.8,29.1,1.3,19.0,67,9,100.0,42304.28,7.0,Ho Chi Minh City
2024-02-25,35.6,24.3,29.0,0.0,18.6,61,25,0.0,42338.44,7.0,Ho Chi Minh City
2024-02-26,36.7,24.0,29.5,0.0,24.3,56,29,0.0,42372.91,7.0,Ho Chi Minh City
2024-02-27,35.3,25.3,29.4,1.1,18.3,62,50,100.0,39121.25,7.0,Ho Chi Minh City
2024-02-28,36.2,24.4,29.0,0.0,25.3,59,81,0.0,42442.66,7.0,Ho Chi Minh City
2024-02-29,36.5,24.8,29.5,0.0,20.6,55,37,0.0,42477.88,7.0,Ho Chi Minh City
2024-03-01,35.5,25.0,29.3,0.0,17.5,58,15,0.0,42508.43,7.0,Ho Chi Minh City
2024-03-02,36.0,25.4,29.6,0.2,20.2,59,58,0.0,42538.85,7.0,Ho Chi Minh City
2024-03-03,36.1,25.2,29.2,0.0,20.5,61,40,0.0,42569.81,7.0,Ho Chi Minh City
2024-03-04,36.0,25.2,29.1,0.0,22.1,65,46,0.0,42601.28,7.0,Ho Chi Minh City
2024-03-05,35.3,25.2,29.2,0.0,15.1,70,21,0.0,42353.92,7.0,Ho Chi Minh City
2024-03-06,36.1,25.0,29.4,0.0,15.3,71,58,0.0,38819.92,7.0,Ho Chi Minh City
2024-03-07,35.2,25.7,29.0,0.3,21.5,72,75,0.0,34990.16,7.0,Ho Chi Minh City
2024-03-08,37.2,25.3,29.9,0.0,21.7,60,35,0.0,42730.7,7.0,Ho Chi Minh City
2024-03-09,36.3,25.0,29.4,0.0,24.4,59,67,0.0,42763.62,7.0,Ho Chi Minh City
2024-03-10,37.5,25.5,29.8,0.0,29.6,57,84,0.0,42796.61,7.0,Ho Chi Minh City
2024-03-11,37.0,24.5,30.0,0.0,25.4,55,30,0.0,42829.64,7.0,Ho Chi Minh City
2024-03-12,37.5,25.6,30.0,0.0,25.3,60,62,0.0,42862.63,7.0,Ho Chi Minh City
2024-03-13,35.3,25.4,29.5,0.2,19.2,62,91,0.0,42895.5,7.0,Ho Chi Minh City
2024-03-14,36.2,25.6,29.5,0.5,21.7,65,33,0.0,42928.67,7.0,Ho Chi Minh City
2024-03-15,35.7,24.7,29.0,0.0,22.5,64,74,0.0,42962.53,7.0,Ho Chi Minh City
2024-03-16,37.1,24.4,29.3,0.0,22.0,65,64,0.0,41187.37,7.0,Ho Chi Minh City
2024-03-17,36.9,24.6,29.6,0.2,23.0,62,65,0.0,43032.06,7.0,Ho Chi Minh City
2024-03-18,37.0,24.7,29.2,0.0,27.6,65,61,0.0,43067.58,7.0,Ho Chi Minh City
2024-03-19,37.2,24.9,29.4,0.0,30.1,63,32,0.0,43103.51,7.0,Ho Chi Minh City
2024-03-20,36.5,23.6,29.3,0.0,21.8,59,23,0.0,43139.78,7.0,Ho Chi Minh City
2024-03-21,36.1,25.3,29.5,1.2,20.9,59,18,100.0,43176.31,7.0,Ho Chi Minh City
2024-03-22,36.6,25.4,29.4,0.0,26.4,62,30,0.0,43200.0,7.0,Ho Chi Minh City
2024-03-23,34.3,25.5,29.1,0.7,21.4,68,27,100.0,43200.0,7.0,Ho Chi Minh City
2024-03-24,35.9,25.5,29.5,0.0,20.8,68,18,0.0,43200.0,7.0,Ho Chi Minh City
2024-03-25,36.4,25.3,29.6,0.0,22.1,69,40,0.0,43200.0,7.0,Ho Chi Minh City
2024-03-26,38.1,25.8,30.5,0.0,25.2,62,54,0.0,43200.0,7.0,Ho Chi Minh City
2024-03-27,36.9,26.8,30.7,0.6,18.5,60,29,100.0,43200.0,7.0,Ho Chi Minh City
2024-03-28,36.0,26.3,30.4,0.0,16.1,66,98,0.0,40940.33,7.0,Ho Chi Minh City
2024-03-29,36.0,26.1,30.1,0.1,20.9,69,92,0.0,39555.61,7.0,Ho Chi Minh City
2024-03-30,36.6,26.4,30.4,0.0,19.8,69,64,0.0,43200.0,7.0,Ho Chi Minh City
2024-03-31,36.8,26.1,30.5,0.6,16.3,69,83,100.0,43200.0,7.0,Ho Chi Minh City
2024-04-01,36.2,26.6,30.6,0.2,17.6,70,29,0.0,43200.0,7.0,Ho Chi Minh City
2024-04-02,36.0,27.2,30.4,0.2,17.6,68,40,0.0,43200.0,7.0,Ho Chi Minh City
2024-04-03,36.4,26.1,30.5,0.0,18.8,66,55,0.0,43200.0,7.0,Ho Chi Minh City
2024-04-04,36.4,26.8,30.7,0.2,19.3,66,49,0.0,42088.6,7.0,Ho Chi Minh City
2024-04-05,35.9,27.2,30.4,0.5,22.5,68,77,0.0,40816.11,7.0,Ho Chi Minh City
2024-04-06,35.7,26.6,30.3,0.0,19.8,62,29,0.0,43200.0,7.0,Ho Chi Minh City
2024-04-07,37.2,26.3,30.6,0.0,22.7,66,59,0.0,43200.0,7.0,Ho Chi Minh City
2024-04-08,36.6,26.5,30.8,0.0,22.1,67,28,0.0,43200.0,7.0,Ho Chi Minh City
2024-04-09,39.1,26.7,31.2,0.0,23.9,62,88,0.0,43200.0,7.0,Ho Chi Minh City
2024-04-10,38.0,26.8,31.5,0.0,23.9,56,89,0.0,43200.0,7.0,Ho Chi Minh City
2024-04-11,39.2,26.6,31.4,0.4,20.7,56,54,0.0,43200.0,7.0,Ho Chi Minh City
2024-04-12,39.2,26.7,31.4,0.0,23.5,59,83,0.0,43200.0,7.0,Ho Chi Minh City
2024-04-13,35.2,27.5,30.7,0.2,18.5,65,75,0.0,43200.0,7.0,Ho Chi Minh City
2024-04-14,37.2,26.3,30.6,0.0,24.5,65,45,0.0,43200.0,7.0,Ho Chi Minh City
2024-04-15,36.4,26.9,30.7,0.1,21.2,66,35,0.0,43200.0,7.0,Ho Chi Minh City
2024-04-16,37.8,27.0,31.1,0.0,25.2,65,30,0.0,43200.0,7.0,Ho Chi Minh City
2024-04-17,36.7,27.1,31.0,0.0,19.7,62,63,0.0,43200.0,7.0,Ho Chi Minh City
2024-04-18,37.2,25.8,30.7,0.0,20.8,64,56,0.0,43200.0,7.0,Ho Chi Minh City
2024-04-19,36.7,26.6,30.6,0.7,19.0,67,36,100.0,43200.0,7.0,Ho Chi Minh City
2024-04-20,36.4,26.7,30.8,0.2,18.5,63,72,0.0,43200.0,7.0,Ho Chi Minh City
2024-04-21,37.3,26.6,31.0,0.1,19.8,61,53,0.0,43200.0,7.0,Ho Chi Minh City
2024-04-22,36.7,27.0,31.2,0.0,18.8,63,65,0.0,43200.0,7.0,Ho Chi Minh City
2024-04-23,37.1,26.5,31.2,0.0,18.5,62,75,0.0,43200.0,7.0,Ho Chi Minh City
2024-04-24,37.8,27.5,31.7,0.0,20.0,65,63,0.0,43200.0,7.0,Ho Chi Minh City
2024-04-25,38.4,27.9,32.1,0.0,20.8,66,39,0.0,43200.0,7.0,Ho Chi Minh City
2024-04-26,37.7,28.4,32.0,0.3,21.4,66,73,0.0,43200.0,7.0,Ho Chi Minh City
2024-04-27,38.2,27.8,32.1,0.0,18.4,66,36,0.0,43200.0,7.0,Ho Chi Minh City
2024-04-28,37.9,28.0,32.1,0.6,18.0,64,26,100.0,43200.0,7.0,Ho Chi Minh City
2024-04-29,38.5,27.6,32.1,0.3,21.8,66,79,0.0,43200.0,7.0,Ho Chi Minh City
2024-04-30,38.3,27.8,32.1,0.2,20.9,67,93,0.0,43200.0,7.0,Ho Chi Minh City
2024-05-01,37.8,28.1,32.2,0.0,19.2,65,92,0.0,43200.0,7.0,Ho Chi Minh City
2024-05-02,38.2,29.3,32.5,0.7,19.3,62,68,100.0,43200.0,7.0,Ho Chi Minh City
2024-05-03,37.9,28.9,32.5,0.1,19.5,62,53,0.0,43200.0,7.0,Ho Chi Minh City
2024-05-04,37.5,27.9,30.9,4.6,11.6,68,93,100.0,34715.59,7.0,Ho Chi Minh City
2024-05-05,34.9,27.1,29.7,8.0,16.4,76,88,100.0,36000.0,7.0,Ho Chi Minh City
2024-05-06,33.3,27.0,29.8,0.1,15.2,77,55,0.0,43200.0,7.0,Ho Chi Minh City
2024-05-07,33.4,26.7,29.5,9.8,16.8,78,54,100.0,43074.24,7.0,Ho Chi Minh City
2024-05-08,35.1,26.9,30.2,1.0,13.6,75,54,100.0,43200.0,7.0,Ho Chi Minh City
2024-05-09,35.6,27.5,30.4,3.6,20.7,74,83,100.0,39763.49,7.0,Ho Chi Minh City
2024-05-10,34.9,27.4,30.5,1.0,22.8,72,61,100.0,43213.48,7.0,Ho Chi Minh City
2024-05-11,36.1,27.4,30.6,2.2,20.6,74,61,100.0,41323.45,7.0,Ho Chi Minh City
2024-05-12,35.3,27.8,30.7,2.2,19.4,74,69,100.0,39601.18,7.0,Ho Chi Minh City
2024-05-13,35.2,26.7,30.4,7.4,23.2,75,66,100.0,43200.0,7.0,Ho Chi Minh City
2024-05-14,35.7,26.2,30.4,1.2,16.0,73,81,100.0,42285.93,7.0,Ho Chi Minh City
2024-05-15,35.3,26.9,30.1,7.7,25.9,74,95,100.0,30566.19,7.0,Ho Chi Minh City
2024-05-16,33.4,26.5,29.1,5.2,14.1,81,98,100.0,28684.05,7.0,Ho Chi Minh City
2024-05-17,32.6,26.6,29.3,4.1,17.2,81,99,100.0,39808.47,7.0,Ho Chi Minh City
2024-05-18,34.3,26.0,29.3,0.2,17.2,80,77,0.0,43200.0,7.0,Ho Chi Minh City
2024-05-19,33.5,26.4,29.1,6.1,11.5,83,100,100.0,34213.49,7.0,Ho Chi Minh City
2024-05-20,32.0,25.8,28.1,49.9,13.3,86,100,100.0,32262.21,7.0,Ho Chi Minh City
2024-05-21,32.3,25.4,27.9,34.2,10.1,85,96,100.0,32320.16,7.0,Ho Chi Minh City
2024-05-22,33.4,25.8,29.0,7.1,13.8,82,86,100.0,40666.83,7.0,Ho Chi Minh City
2024-05-23,32.4,26.5,29.0,9.1,15.2,85,98,100.0,39600.0,7.0,Ho Chi Minh City
2024-05-24,34.2,26.8,30.0,0.6,15.5,79,94,100.0,41548.63,7.0,Ho Chi Minh City
2024-05-25,33.7,27.2,30.3,0.6,14.8,78,94,100.0,43200.0,7.0,Ho Chi Minh City
2024-05-26,33.7,26.3,29.3,2.0,14.1,82,90,100.0,43200.0,7.0,Ho Chi Minh City
2024-05-27,34.5,27.1,30.1,1.4,10.4,80,91,100.0,40386.72,7.0,Ho Chi Minh City
2024-05-28,32.7,25.2,28.6,28.1,10.5,84,100,100.0,26511.58,7.0,Ho Chi Minh City
2024-05-29,33.8,26.7,28.9,20.8,16.3,83,82,100.0,37636.12,7.0,Ho Chi Minh City
2024-05-30,31.4,26.2,28.2,12.5,17.2,87,100,100.0,23116.99,7.0,Ho Chi Minh City
2024-05-31,32.0,25.9,27.7,15.2,19.4,86,100,100.0,24900.0,7.0,Ho Chi Minh City
2024-06-01,33.3,25.8,28.5,3.5,15.3,83,97,100.0,43022.65,7.0,Ho Chi Minh City
2024-06-02,33.7,25.7,29.4,0.4,12.3,80,100,0.0,43200.0,7.0,Ho Chi Minh City
2024-06-03,34.6,26.4,29.8,0.8,17.8,77,98,100.0,40094.5,7.0,Ho Chi Minh City
2024-06-04,34.6,26.4,30.3,0.0,10.2,76,97,0.0,42551.69,7.0,Ho Chi Minh City
2024-06-05,34.0,27.4,29.6,5.6,13.0,80,97,100.0,33413.42,7.0,Ho Chi Minh City
2024-06-06,34.2,27.0,30.0,0.1,9.9,77,99,0.0,42444.63,7.0,Ho Chi Minh City
2024-06-07,33.3,26.9,29.1,1.7,9.3,79,100,100.0,26198.32,7.0,Ho Chi Minh City
2024-06-08,34.1,26.0,28.9,12.7,12.6,79,98,100.0,37421.6,7.0,Ho Chi Minh City
2024-06-09,30.9,26.1,27.6,10.3,22.9,84,100,100.0,15180.19,7.0,Ho Chi Minh City
2024-06-10,31.0,25.6,27.2,10.2,18.7,84,99,100.0,15845.79,7.0,Ho Chi Minh City
2024-06-11,33.3,25.1,28.6,0.5,18.4,78,70,0.0,43200.0,7.0,Ho Chi Minh City
2024-06-12,33.6,25.5,28.9,2.3,18.5,78,77,100.0,41251.08,7.0,Ho Chi Minh City
2024-06-13,34.5,26.0,29.4,2.0,17.9,78,83,100.0,41585.22,7.0,Ho Chi Minh City
2024-06-14,33.8,26.4,29.0,10.7,19.2,81,91,100.0,30544.86,7.0,Ho Chi Minh City
2024-06-15,33.8,25.8,28.5,5.3,15.2,83,80,100.0,41534.76,7.0,Ho Chi Minh City
2024-06-16,33.2,26.1,28.6,0.2,16.2,78,96,0.0,38233.48,7.0,Ho Chi Minh City
2024-06-17,33.7,25.4,28.0,6.4,22.6,82,64,100.0,30728.69,7.0,Ho Chi Minh City
2024-06-18,34.0,25.4,28.6,8.5,16.6,81,58,100.0,43200.0,7.0,Ho Chi Minh City
2024-06-19,33.4,25.5,28.6,6.8,24.6,81,100,100.0,31962.25,7.0,Ho Chi Minh City
2024-06-20,31.8,26.0,27.4,31.0,18.1,87,100,100.0,8761.56,7.0,Ho Chi Minh City
2024-06-21,31.8,25.3,27.1,17.8,14.3,87,100,100.0,20875.74,7.0,Ho Chi Minh City
2024-06-22,28.6,25.1,26.4,32.5,20.6,89,100,100.0,13451.68,7.0,Ho Chi Minh City
2024-06-23,30.1,24.5,26.4,16.3,22.4,88,100,100.0,19998.8,7.0,Ho Chi Minh City
2024-06-24,30.6,24.4,26.7,16.3,20.9,87,100,100.0,26170.13,7.0,Ho Chi Minh City
2024-06-25,31.3,25.0,27.7,2.5,13.7,83,98,100.0,35711.6,7.0,Ho Chi Minh City
2024-06-26,32.6,24.7,28.2,1.3,11.6,79,98,100.0,36083.83,7.0,Ho Chi Minh City
2024-06-27,31.2,25.3,27.2,19.8,9.8,86,98,100.0,30177.64,7.0,Ho Chi Minh City
2024-06-28,31.3,24.9,27.5,9.3,17.3,86,89,100.0,41565.21,7.0,Ho Chi Minh City
2024-06-29,31.5,25.7,28.3,2.2,20.9,84,76,100.0,43200.0,7.0,Ho Chi Minh City
2024-06-30,32.7,25.5,28.0,4.8,11.7,83,88,100.0,38384.94,7.0,Ho Chi Minh City
2024-07-01,31.2,24.7,27.9,1.7,16.9,84,65,100.0,43200.0,7.0,Ho Chi Minh City
2024-07-02,32.3,25.1,27.3,17.1,12.5,86,83,100.0,29721.08,7.0,Ho Chi Minh City
2024-07-03,31.1,24.9,27.1,16.1,15.5,87,99,100.0,20210.88,7.0,Ho Chi Minh City
2024-07-04,29.7,24.0,26.2,19.7,12.5,89,99,100.0,14532.25,7.0,Ho Chi Minh City
2024-07-05,32.2,24.1,27.1,6.0,18.5,85,72,100.0,36000.0,7.0,Ho Chi Minh City
2024-07-06,32.3,24.2,27.8,7.3,15.2,82,82,100.0,41705.58,7.0,Ho Chi Minh City
2024-07-07,30.7,25.2,27.5,5.3,16.6,86,92,100.0,37355.47,7.0,Ho Chi Minh City
2024-07-08,31.3,25.2,27.6,2.1,15.6,86,99,100.0,35983.89,7.0,Ho Chi Minh City
2024-07-09,31.6,24.8,27.5,18.7,14.2,84,98,100.0,39600.0,7.0,Ho Chi Minh City
2024-07-10,31.6,24.7,27.2,2.1,18.9,85,90,100.0,39600.0,7.0,Ho Chi Minh City
2024-07-11,30.2,24.6,26.4,15.9,18.7,89,97,100.0,28373.29,7.0,Ho Chi Minh City
2024-07-12,30.4,24.6,26.5,12.8,20.6,88,100,100.0,20678.65,7.0,Ho Chi Minh City
2024-07-13,30.2,24.9,26.6,21.9,20.9,87,100,100.0,22440.81,7.0,Ho Chi Minh City
2024-07-14,30.9,25.2,26.7,19.5,27.0,86,100,100.0,28347.17,7.0,Ho Chi Minh City
2024-07-15,30.9,24.9,26.6,19.1,20.4,87,100,100.0,22089.37,7.0,Ho Chi Minh City
2024-07-16,30.5,24.5,26.3,15.4,18.9,89,98,100.0,25704.14,7.0,Ho Chi Minh City
2024-07-17,29.3,24.6,26.0,14.7,24.4,90,97,100.0,15940.74,7.0,Ho Chi Minh City
2024-07-18,31.0,24.5,26.6,17.7,21.8,89,100,100.0,22235.17,7.0,Ho Chi Minh City
2024-07-19,29.2,24.3,26.2,17.0,20.3,89,100,100.0,2989.32,7.0,Ho Chi Minh City
2024-07-20,28.9,24.3,26.0,17.1,15.2,90,100,100.0,4107.79,7.0,Ho Chi Minh City
2024-07-21,31.1,24.6,26.8,16.1,22.2,87,100,100.0,24455.39,7.0,Ho Chi Minh City
2024-07-22,31.3,25.0,27.0,14.3,23.1,88,99,100.0,22394.84,7.0,Ho Chi Minh City
2024-07-23,30.9,25.2,27.6,5.5,18.8,84,96,100.0,24013.98,7.0,Ho Chi Minh City
2024-07-24,31.6,25.3,28.0,7.0,20.3,82,89,100.0,32285.23,7.0,Ho Chi Minh City
2024-07-25,31.6,25.2,27.3,20.9,20.6,86,91,100.0,29743.62,7.0,Ho Chi Minh City
2024-07-26,29.3,24.6,27.0,5.8,20.6,88,98,100.0,18888.7,7.0,Ho Chi Minh City
2024-07-27,29.3,24.7,26.4,26.3,25.2,90,100,100.0,16998.81,7.0,Ho Chi Minh City
2024-07-28,29.5,24.9,26.8,2.1,14.8,87,100,100.0,17678.62,7.0,Ho Chi Minh City
2024-07-29,31.2,24.4,27.2,7.7,16.1,86,100,100.0,33948.08,7.0,Ho Chi Minh City
2024-07-30,32.1,24.4,27.4,9.7,13.6,87,99,100.0,34075.17,7.0,Ho Chi Minh City
2024-07-31,32.3,24.7,27.8,3.3,18.0,84,90,100.0,37679.0,7.0,Ho Chi Minh City
2024-08-01,32.1,25.4,27.8,23.1,19.9,85,91,100.0,36304.52,7.0,Ho Chi Minh City
2024-08-02,32.0,25.0,27.6,24.3,15.8,84,98,100.0,36000.0,7.0,Ho Chi Minh City
2024-08-03,31.3,24.5,27.3,8.4,11.3,86,94,100.0,39092.42,7.0,Ho Chi Minh City
2024-08-04,31.0,24.5,26.6,8.6,12.3,88,81,100.0,34905.06,7.0,Ho Chi Minh City
2024-08-05,31.2,23.8,26.3,27.2,16.8,89,78,100.0,32385.21,7.0,Ho Chi Minh City
2024-08-06,31.6,24.3,26.8,14.9,13.8,88,82,100.0,35635.2,7.0,Ho Chi Minh City
2024-08-07,30.6,24.4,27.0,14.6,15.1,87,83,100.0,39600.0,7.0,Ho Chi Minh City
2024-08-08,32.4,24.4,28.1,1.1,14.7,83,68,100.0,43200.0,7.0,Ho Chi Minh City
2024-08-09,32.3,25.5,28.4,3.0,13.3,82,62,100.0,43200.0,7.0,Ho Chi Minh City
2024-08-10,32.9,25.2,28.6,1.0,14.2,82,36,100.0,43200.0,7.0,Ho Chi Minh City
2024-08-11,32.9,25.5,28.6,4.6,18.2,83,53,100.0,41771.31,7.0,Ho Chi Minh City
2024-08-12,31.8,25.3,27.7,12.3,24.2,85,87,100.0,40769.93,7.0,Ho Chi Minh City
2024-08-13,32.7,24.4,28.1,0.2,17.1,82,46,0.0,43200.0,7.0,Ho Chi Minh City
2024-08-14,32.9,25.4,28.5,0.7,14.0,84,52,100.0,41833.1,7.0,Ho Chi Minh City
2024-08-15,32.5,25.1,28.3,13.1,12.0,85,55,100.0,43200.0,7.0,Ho Chi Minh City
2024-08-16,32.5,25.3,28.1,2.7,13.4,85,87,100.0,41971.27,7.0,Ho Chi Minh City
2024-08-17,32.4,25.3,27.8,4.1,13.2,85,84,100.0,39232.74,7.0,Ho Chi Minh City
2024-08-18,33.2,24.8,28.6,0.2,12.4,80,74,0.0,43200.0,7.0,Ho Chi Minh City
2024-08-19,33.6,25.4,29.1,0.1,12.2,78,91,0.0,43200.0,7.0,Ho Chi Minh City
2024-08-20,32.5,25.3,28.5,1.9,11.2,81,93,100.0,43200.0,7.0,Ho Chi Minh City
2024-08-21,33.2,24.9,28.2,4.8,13.6,82,90,100.0,43200.0,7.0,Ho Chi Minh City
2024-08-22,32.8,24.9,28.2,2.6,13.7,82,100,100.0,40653.08,7.0,Ho Chi Minh City
2024-08-23,31.7,24.8,27.8,1.4,15.2,83,98,100.0,35493.3,7.0,Ho Chi Minh City
2024-08-24,32.1,24.8,27.3,7.1,14.7,84,90,100.0,41105.74,7.0,Ho Chi Minh City
2024-08-25,31.8,23.8,26.8,13.0,14.4,85,91,100.0,35037.75,7.0,Ho Chi Minh City
2024-08-26,31.9,24.4,26.9,28.1,16.1,86,94,100.0,30644.25,7.0,Ho Chi Minh City
2024-08-27,30.6,24.7,26.8,5.8,21.4,89,92,100.0,25163.98,7.0,Ho Chi Minh City
2024-08-28,30.9,24.9,27.0,15.0,22.5,87,95,100.0,35560.27,7.0,Ho Chi Minh City
2024-08-29,30.0,23.9,26.9,7.9,22.9,85,94,100.0,29892.48,7.0,Ho Chi Minh City
2024-08-30,31.1,24.9,26.9,14.3,22.6,85,99,100.0,24530.37,7.0,Ho Chi Minh City
2024-08-31,30.0,24.6,26.7,18.2,18.2,87,97,100.0,24415.98,7.0,Ho Chi Minh City
2024-09-01,29.2,24.5,26.3,25.2,9.9,89,90,100.0,25198.11,7.0,Ho Chi Minh City
2024-09-02,28.4,24.1,26.1,14.8,20.5,89,96,100.0,31090.49,7.0,Ho Chi Minh City
2024-09-03,29.9,24.5,26.5,10.9,25.7,88,98,100.0,27451.37,7.0,Ho Chi Minh City
2024-09-04,30.6,24.9,27.1,3.7,22.6,86,100,100.0,23884.19,7.0,Ho Chi Minh City
2024-09-05,31.7,25.2,27.4,12.1,22.9,86,90,100.0,26039.34,7.0,Ho Chi Minh City
2024-09-06,30.6,25.7,27.1,5.7,28.4,86,100,100.0,24687.42,7.0,Ho Chi Minh City
2024-09-07,31.7,25.3,27.5,16.7,24.8,85,100,100.0,27416.98,7.0,Ho Chi Minh City
2024-09-08,31.5,25.3,27.7,18.1,18.7,85,98,100.0,33509.17,7.0,Ho Chi Minh City
2024-09-09,32.1,25.1,28.1,6.5,17.3,82,97,100.0,36000.0,7.0,Ho Chi Minh City
2024-09-10,32.5,25.3,27.5,7.5,17.6,86,100,100.0,28544.43,7.0,Ho Chi Minh City
2024-09-11,31.4,24.9,27.2,10.1,13.5,88,100,100.0,26300.21,7.0,Ho Chi Minh City
2024-09-12,31.7,24.8,27.1,12.4,13.4,88,97,100.0,29517.34,7.0,Ho Chi Minh City
2024-09-13,31.7,25.1,27.0,27.0,19.3,88,99,100.0,30558.93,7.0,Ho Chi Minh City
2024-09-14,29.6,25.0,26.2,21.5,18.4,90,100,100.0,9214.1,7.0,Ho Chi Minh City
2024-09-15,29.8,25.0,26.6,13.4,16.3,89,100,100.0,22122.38,7.0,Ho Chi Minh City
2024-09-16,31.3,24.8,27.0,23.8,17.9,86,99,100.0,30611.22,7.0,Ho Chi Minh City
2024-09-17,29.0,24.9,26.1,12.4,19.5,89,100,100.0,12751.96,7.0,Ho Chi Minh City
2024-09-18,29.4,23.8,25.8,52.6,18.1,91,100,100.0,4726.14,7.0,Ho Chi Minh City
2024-09-19,29.6,24.3,26.3,10.6,20.4,89,99,100.0,14969.91,7.0,Ho Chi Minh City
2024-09-20,30.0,25.1,26.8,5.5,22.8,87,93,100.0,18930.68,7.0,Ho Chi Minh City
2024-09-21,28.3,24.9,26.0,21.7,20.1,90,100,100.0,7053.36,7.0,Ho Chi Minh City
2024-09-22,29.3,24.5,26.2,12.3,17.0,90,100,100.0,4743.04,7.0,Ho Chi Minh City
2024-09-23,31.2,24.7,26.7,26.1,14.0,88,100,100.0,27556.13,7.0,Ho Chi Minh City
2024-09-24,31.6,24.7,27.4,3.9,9.0,86,99,100.0,33720.72,7.0,Ho Chi Minh City
2024-09-25,30.8,23.9,27.1,4.7,10.9,87,73,100.0,38642.81,7.0,Ho Chi Minh City
2024-09-26,31.4,23.6,26.7,8.3,15.8,87,89,100.0,33835.97,7.0,Ho Chi Minh City
2024-09-27,30.8,24.5,27.1,5.6,20.4,86,74,100.0,38229.62,7.0,Ho Chi Minh City
2024-09-28,32.1,25.0,28.2,1.3,12.0,82,55,100.0,42083.16,7.0,Ho Chi Minh City
2024-09-29,32.3,25.4,28.1,8.7,9.8,84,96,100.0,32400.0,7.0,Ho Chi Minh City
2024-09-30,32.7,25.3,27.9,13.1,11.9,86,96,100.0,34523.59,7.0,Ho Chi Minh City
2024-10-01,32.4,25.4,27.9,8.1,12.2,86,91,100.0,40968.77,7.0,Ho Chi Minh City
2024-10-02,32.2,25.0,27.6,10.6,14.9,88,99,100.0,35547.34,7.0,Ho Chi Minh City
2024-10-03,30.7,24.9,26.8,9.8,15.5,89,98,100.0,32400.0,7.0,Ho Chi Minh City
2024-10-04,31.1,24.1,26.8,5.6,12.5,87,82,100.0,32833.07,7.0,Ho Chi Minh City
2024-10-05,31.8,23.9,27.2,4.7,11.5,85,58,100.0,36000.0,7.0,Ho Chi Minh City
2024-10-06,30.3,24.3,26.7,24.2,11.6,85,96,100.0,33137.79,7.0,Ho Chi Minh City
2024-10-07,31.2,23.8,26.4,23.4,10.6,88,97,100.0,34841.9,7.0,Ho Chi Minh City
2024-10-08,30.5,24.3,26.4,19.3,12.1,87,91,100.0,30178.93,7.0,Ho Chi Minh City
2024-10-09,30.6,24.3,26.6,15.2,13.3,88,91,100.0,31082.04,7.0,Ho Chi Minh City
2024-10-10,31.7,24.7,27.0,12.3,15.8,86,90,100.0,32400.0,7.0,Ho Chi Minh City
2024-10-11,30.9,24.4,27.1,1.6,12.9,88,97,100.0,30636.35,7.0,Ho Chi Minh City
2024-10-12,31.1,24.9,26.7,7.6,12.5,90,85,100.0,29398.27,7.0,Ho Chi Minh City
2024-10-13,32.3,24.4,27.4,14.0,11.9,86,70,100.0,36000.0,7.0,Ho Chi Minh City
2024-10-14,32.1,24.0,27.3,9.8,11.5,86,90,100.0,37644.52,7.0,Ho Chi Minh City
2024-10-15,31.0,24.6,26.7,29.1,13.7,88,99,100.0,24088.99,7.0,Ho Chi Minh City
2024-10-16,30.3,24.8,26.5,7.3,14.3,87,97,100.0,23782.42,7.0,Ho Chi Minh City
2024-10-17,30.5,24.8,26.6,19.6,21.6,87,93,100.0,29830.88,7.0,Ho Chi Minh City
2024-10-18,28.9,23.9,25.9,2.9,13.7,90,92,100.0,25754.05,7.0,Ho Chi Minh City
2024-10-19,29.6,24.1,26.1,8.4,12.2,90,94,100.0,27116.65,7.0,Ho Chi Minh City
2024-10-20,30.6,24.0,26.2,6.8,16.8,88,72,100.0,32452.19,7.0,Ho Chi Minh City
2024-10-21,31.1,23.7,26.4,16.1,17.3,87,86,100.0,36884.15,7.0,Ho Chi Minh City
2024-10-22,30.6,23.4,26.1,10.8,15.5,87,94,100.0,20716.5,7.0,Ho Chi Minh City
2024-10-23,29.3,24.4,26.3,10.0,11.7,88,98,100.0,17159.83,7.0,Ho Chi Minh City
2024-10-24,31.7,24.0,27.5,0.6,14.3,82,74,100.0,36034.03,7.0,Ho Chi Minh City
2024-10-25,31.9,23.1,27.2,1.0,16.5,80,86,100.0,39600.0,7.0,Ho Chi Minh City
2024-10-26,32.5,24.3,27.9,0.1,20.7,79,99,0.0,39295.42,7.0,Ho Chi Minh City
2024-10-27,26.9,24.5,25.6,7.3,12.4,88,100,100.0,3416.66,7.0,Ho Chi Minh City
2024-10-28,26.9,23.6,24.8,41.9,12.9,92,100,100.0,4092.52,7.0,Ho Chi Minh City
2024-10-29,29.2,23.7,25.6,9.2,16.2,89,92,100.0,16190.39,7.0,Ho Chi Minh City
2024-10-30,31.3,23.4,26.4,4.7,14.3,87,68,100.0,38225.83,7.0,Ho Chi Minh City
2024-10-31,31.5,23.4,26.9,0.2,14.3,85,94,0.0,39600.0,7.0,Ho Chi Minh City
2024-11-01,31.8,24.2,27.1,10.5,11.1,85,99,100.0,36000.0,7.0,Ho Chi Minh City
2024-11-02,30.3,23.9,26.6,3.8,14.4,85,93,100.0,30603.15,7.0,Ho Chi Minh City
2024-11-03,31.6,23.2,26.7,1.8,11.4,84,69,100.0,39600.0,7.0,Ho Chi Minh City
2024-11-04,30.3,23.5,26.3,14.3,15.2,88,89,100.0,27368.92,7.0,Ho Chi Minh City
2024-11-05,30.9,23.1,26.3,1.2,13.6,86,91,100.0,32400.0,7.0,Ho Chi Minh City
2024-11-06,30.9,24.3,26.5,8.8,14.2,88,81,100.0,38851.08,7.0,Ho Chi Minh City
2024-11-07,31.0,23.4,26.7,5.3,8.8,85,62,100.0,37825.39,7.0,Ho Chi Minh City
2024-11-08,31.4,23.5,26.7,3.8,10.5,84,90,100.0,32400.0,7.0,Ho Chi Minh City
2024-11-09,31.4,24.1,26.7,7.7,8.3,84,95,100.0,36000.0,7.0,Ho Chi Minh City
2024-11-10,31.9,23.8,27.4,0.6,12.4,83,59,100.0,39600.0,7.0,Ho Chi Minh City
2024-11-11,31.8,23.7,27.6,0.2,13.3,81,52,0.0,39600.0,7.0,Ho Chi Minh City
2024-11-12,30.7,23.8,27.2,1.6,10.0,85,84,100.0,39600.0,7.0,Ho Chi Minh City
2024-11-13,31.6,24.3,27.2,2.8,8.1,86,49,100.0,39600.0,7.0,Ho Chi Minh City
2024-11-14,32.3,24.9,28.3,0.0,10.7,78,49,0.0,39637.52,7.0,Ho Chi Minh City
2024-11-15,32.0,24.9,28.1,1.0,9.4,80,87,100.0,39639.93,7.0,Ho Chi Minh City
2024-11-16,34.1,24.3,28.8,0.0,11.0,72,61,0.0,39641.84,7.0,Ho Chi Minh City
2024-11-17,33.7,24.5,28.7,0.1,10.9,73,60,0.0,39643.23,7.0,Ho Chi Minh City
2024-11-18,34.2,23.0,28.9,0.0,8.5,70,31,0.0,39644.13,7.0,Ho Chi Minh City
2024-11-19,33.8,24.5,28.9,0.9,8.9,71,69,100.0,39600.0,7.0,Ho Chi Minh City
2024-11-20,35.2,24.3,28.2,1.4,13.0,75,92,100.0,38331.42,7.0,Ho Chi Minh City
2024-11-21,33.0,24.1,27.7,5.9,8.7,81,75,100.0,36623.14,7.0,Ho Chi Minh City
2024-11-22,33.3,24.0,28.2,0.5,8.9,78,63,0.0,39600.0,7.0,Ho Chi Minh City
2024-11-23,33.8,23.7,28.2,0.3,10.0,78,100,0.0,36000.0,7.0,Ho Chi Minh City
2024-11-24,33.2,24.8,27.9,3.8,13.8,81,99,100.0,39600.0,7.0,Ho Chi Minh City
2024-11-25,34.2,24.1,28.9,0.1,10.8,72,88,0.0,36477.96,7.0,Ho Chi Minh City
2024-11-26,34.8,24.8,29.7,0.0,8.9,67,100,0.0,39600.0,7.0,Ho Chi Minh City
2024-11-27,34.5,24.1,29.1,0.9,11.1,65,85,100.0,35452.76,7.0,Ho Chi Minh City
2024-11-28,33.7,25.0,28.8,0.7,16.5,61,87,100.0,37636.33,7.0,Ho Chi Minh City
2024-11-29,30.8,24.1,27.0,0.0,15.7,63,100,0.0,16797.26,7.0,Ho Chi Minh City
2024-11-30,33.5,23.0,27.8,0.0,9.4,59,95,0.0,32400.0,7.0,Ho Chi Minh City
2024-12-01,33.4,25.1,28.5,0.3,11.1,69,80,0.0,39600.0,7.0,Ho Chi Minh City
2024-12-02,34.2,25.8,28.7,0.7,8.2,73,100,100.0,21673.94,7.0,Ho Chi Minh City
2024-12-03,28.4,25.4,26.6,4.5,5.0,87,100,100.0,0.0,7.0,Ho Chi Minh City
2024-12-04,31.4,23.1,26.7,2.0,8.1,85,97,100.0,32308.75,7.0,Ho Chi Minh City
2024-12-05,29.6,23.6,26.4,1.2,12.5,86,100,100.0,15679.6,7.0,Ho Chi Minh City
2024-12-06,31.5,23.5,27.0,4.2,10.0,86,77,100.0,38165.32,7.0,Ho Chi Minh City
2024-12-07,29.7,23.6,26.2,4.4,7.3,91,82,100.0,21714.15,7.0,Ho Chi Minh City
2024-12-08,32.1,23.7,27.6,0.0,10.3,78,98,0.0,39378.42,7.0,Ho Chi Minh City
2024-12-09,32.0,24.5,27.6,0.0,11.6,71,98,0.0,31987.08,7.0,Ho Chi Minh City
2024-12-10,31.4,23.8,26.7,0.9,13.9,75,100,100.0,20513.69,7.0,Ho Chi Minh City
2024-12-11,30.5,23.2,25.9,13.8,11.7,86,100,100.0,21536.03,7.0,Ho Chi Minh City
2024-12-12,30.0,23.8,26.1,14.6,13.6,91,100,100.0,24496.44,7.0,Ho Chi Minh City
2024-12-13,29.7,24.2,26.3,21.0,15.3,89,100,100.0,18593.68,7.0,Ho Chi Minh City
2024-12-14,27.0,23.8,25.3,9.8,9.5,93,100,100.0,0.0,7.0,Ho Chi Minh City
2024-12-15,28.8,23.8,25.8,9.2,7.7,89,98,100.0,26020.89,7.0,Ho Chi Minh City
2024-12-16,28.4,22.8,25.3,0.0,10.6,79,100,0.0,18006.15,7.0,Ho Chi Minh City
2024-12-17,29.1,21.6,25.3,0.0,9.1,79,58,0.0,32386.88,7.0,Ho Chi Minh City
2024-12-18,30.8,21.4,25.9,0.1,9.8,79,39,0.0,39662.23,7.0,Ho Chi Minh City
2024-12-19,30.5,22.3,26.1,0.1,11.9,78,82,0.0,39620.18,7.0,Ho Chi Minh City
2024-12-20,30.3,20.8,25.4,0.0,7.0,76,89,0.0,39222.92,7.0,Ho Chi Minh City
2024-12-21,29.4,19.5,24.7,0.0,8.2,76,100,0.0,31371.87,7.0,Ho Chi Minh City
2024-12-22,27.8,19.6,24.0,0.0,9.4,72,96,0.0,17519.96,7.0,Ho Chi Minh City
2024-12-23,31.2,19.6,25.1,0.0,12.8,72,76,0.0,31383.68,7.0,Ho Chi Minh City
2024-12-24,30.5,23.6,26.8,0.0,17.8,64,84,0.0,16439.45,7.0,Ho Chi Minh City
2024-12-25,32.4,23.6,27.7,0.0,18.7,60,86,0.0,35326.66,7.0,Ho Chi Minh City
2024-12-26,31.5,23.9,27.6,1.0,14.6,72,82,100.0,38546.16,7.0,Ho Chi Minh City
2024-12-27,32.9,24.3,26.6,17.3,11.4,85,96,100.0,26278.62,7.0,Ho Chi Minh City
2024-12-28,31.0,23.8,25.9,8.8,10.5,89,89,100.0,28739.61,7.0,Ho Chi Minh City
2024-12-29,30.4,21.9,25.8,0.0,12.3,78,58,0.0,39944.39,7.0,Ho Chi Minh City
2024-12-30,30.4,20.5,25.4,0.0,7.9,76,73,0.0,39643.99,7.0,Ho Chi Minh City
2024-12-31,30.4,21.8,26.0,0.0,13.4,78,91,0.0,23593.63,7.0,Ho Chi Minh City
2025-01-01,28.6,22.3,25.3,0.0,9.4,77,98,0.0,17585.81,7.0,Ho Chi Minh City
2025-01-02,30.7,22.4,26.0,0.3,8.6,81,74,0.0,27948.74,7.0,Ho Chi Minh City
2025-01-03,30.6,23.4,26.6,0.8,8.3,79,90,100.0,26371.72,7.0,Ho Chi Minh City
2025-01-04,31.7,22.3,26.9,0.2,12.0,72,74,0.0,40392.35,7.0,Ho Chi Minh City
2025-01-05,33.1,22.6,27.1,0.0,10.2,71,52,0.0,33983.02,7.0,Ho Chi Minh City
2025-01-06,32.4,21.9,27.0,0.0,10.1,68,49,0.0,37428.17,7.0,Ho Chi Minh City
2025-01-07,32.6,21.6,27.0,0.0,11.4,72,37,0.0,40356.36,7.0,Ho Chi Minh City
2025-01-08,33.1,22.6,27.4,0.0,11.8,69,55,0.0,40847.94,7.0,Ho Chi Minh City
2025-01-09,32.6,22.1,27.2,0.0,9.5,65,100,0.0,36909.44,7.0,Ho Chi Minh City
2025-01-10,33.6,23.9,28.1,0.0,13.1,58,95,0.0,33638.37,7.0,Ho Chi Minh City
2025-01-11,33.0,22.3,27.1,0.0,14.5,51,94,0.0,37299.92,7.0,Ho Chi Minh City
2025-01-12,31.8,21.3,26.3,0.0,12.7,52,72,0.0,41132.7,7.0,Ho Chi Minh City
2025-01-13,31.0,19.5,25.4,0.0,9.9,53,61,0.0,38196.02,7.0,Ho Chi Minh City
2025-01-14,34.0,22.0,26.4,9.5,13.7,70,82,100.0,34216.17,7.0,Ho Chi Minh City
2025-01-15,31.1,23.3,26.5,5.3,8.9,84,84,100.0,36849.5,7.0,Ho Chi Minh City
2025-01-16,31.2,23.3,26.8,0.7,15.3,74,67,100.0,40208.0,7.0,Ho Chi Minh City
2025-01-17,30.4,20.8,25.3,0.0,11.4,69,92,0.0,39684.65,7.0,Ho Chi Minh City
2025-01-18,31.0,20.4,25.6,0.0,9.7,72,42,0.0,40927.64,7.0,Ho Chi Minh City
2025-01-19,31.8,21.7,26.4,0.0,10.4,77,54,0.0,40956.96,7.0,Ho Chi Minh City
2025-01-20,31.8,21.8,26.3,0.0,13.2,72,80,0.0,39625.88,7.0,Ho Chi Minh City
2025-01-21,32.8,21.1,26.5,0.0,10.0,66,78,0.0,40261.62,7.0,Ho Chi Minh City
2025-01-22,34.0,21.3,26.5,0.0,16.9,66,93,0.0,37831.46,7.0,Ho Chi Minh City
2025-01-23,34.3,22.8,27.7,0.0,10.9,66,99,0.0,39000.93,7.0,Ho Chi Minh City
2025-01-24,34.9,23.1,27.8,0.3,12.6,67,95,0.0,39592.29,7.0,Ho Chi Minh City
2025-01-25,34.3,23.6,27.7,0.0,13.9,66,79,0.0,39054.38,7.0,Ho Chi Minh City
2025-01-26,34.0,23.8,27.9,0.4,15.0,65,51,0.0,40881.83,7.0,Ho Chi Minh City
2025-01-27,32.6,21.6,26.8,0.0,12.1,61,71,0.0,38729.29,7.0,Ho Chi Minh City
2025-01-28,32.9,21.4,26.5,0.0,11.4,61,72,0.0,40920.24,7.0,Ho Chi Minh City
2025-01-29,31.9,19.5,25.4,0.0,12.6,58,92,0.0,41513.49,7.0,Ho Chi Minh City
2025-01-30,30.7,20.3,25.6,0.0,8.1,62,94,0.0,35034.72,7.0,Ho Chi Minh City
2025-01-31,32.8,20.4,26.9,0.0,9.8,62,96,0.0,37656.7,7.0,Ho Chi Minh City
2025-02-01,33.8,22.4,27.4,0.0,14.4,67,79,0.0,40737.57,7.0,Ho Chi Minh City
2025-02-02,34.6,22.1,27.6,0.0,13.5,63,57,0.0,41242.25,7.0,Ho Chi Minh City
2025-02-03,34.6,23.3,28.1,0.0,12.7,65,18,0.0,41008.76,7.0,Ho Chi Minh City
2025-02-04,34.3,23.8,28.2,0.0,12.0,56,64,0.0,41247.7,7.0,Ho Chi Minh City
2025-02-05,34.0,22.0,27.2,0.0,17.2,57,27,0.0,41713.68,7.0,Ho Chi Minh City
2025-02-06,33.3,21.7,26.8,0.0,13.8,66,40,0.0,41038.98,7.0,Ho Chi Minh City
2025-02-07,33.8,21.7,27.4,0.0,11.8,61,86,0.0,40559.92,7.0,Ho Chi Minh City
2025-02-08,34.7,22.9,28.0,0.0,12.1,57,76,0.0,41540.64,7.0,Ho Chi Minh City
2025-02-09,33.1,21.6,27.1,0.0,12.5,54,67,0.0,41837.08,7.0,Ho Chi Minh City
2025-02-10,33.4,22.8,27.5,0.0,11.5,55,99,0.0,28624.94,7.0,Ho Chi Minh City
2025-02-11,34.4,24.4,28.1,7.6,17.2,67,96,100.0,39392.34,7.0,Ho Chi Minh City
2025-02-12,32.6,23.5,27.7,6.7,10.3,77,47,100.0,40348.65,7.0,Ho Chi Minh City
2025-02-13,31.1,24.0,26.6,4.7,9.4,85,60,100.0,25647.82,7.0,Ho Chi Minh City
2025-02-14,31.6,23.6,27.0,5.2,9.6,83,53,100.0,39105.25,7.0,Ho Chi Minh City
2025-02-15,31.8,23.3,26.8,2.4,13.4,81,34,100.0,41079.3,7.0,Ho Chi Minh City
2025-02-16,32.6,23.7,27.5,0.6,13.5,75,36,100.0,41800.51,7.0,Ho Chi Minh City
2025-02-17,33.0,23.2,27.6,0.2,12.5,70,62,0.0,40838.49,7.0,Ho Chi Minh City
2025-02-18,34.0,23.5,27.8,1.2,15.3,70,82,100.0,40117.47,7.0,Ho Chi Minh City
2025-02-19,33.7,23.3,27.2,11.8,12.6,78,60,100.0,41072.87,7.0,Ho Chi Minh City
2025-02-20,34.3,23.7,28.2,0.3,12.9,72,99,0.0,40351.12,7.0,Ho Chi Minh City
2025-02-21,33.8,24.8,28.0,2.2,10.9,71,81,100.0,37320.03,7.0,Ho Chi Minh City
2025-02-22,31.8,23.8,27.0,1.7,12.6,81,85,100.0,40988.91,7.0,Ho Chi Minh City
2025-02-23,31.5,24.4,27.4,1.5,16.9,78,90,100.0,34107.96,7.0,Ho Chi Minh City
2025-02-24,32.7,24.4,27.8,0.2,18.6,76,63,0.0,34155.2,7.0,Ho Chi Minh City
2025-02-25,32.3,22.9,27.8,0.2,15.6,72,63,0.0,42365.29,7.0,Ho Chi Minh City
2025-02-26,34.2,24.4,28.5,0.1,8.3,68,90,0.0,40546.98,7.0,Ho Chi Minh City
2025-02-27,35.3,24.1,28.7,0.0,13.7,66,40,0.0,42435.66,7.0,Ho Chi Minh City
2025-02-28,35.9,24.2,28.9,0.0,17.0,60,26,0.0,42471.03,7.0,Ho Chi Minh City
2025-03-01,36.4,24.0,28.3,0.0,18.5,65,52,0.0,42505.42,7.0,Ho Chi Minh City
2025-03-02,34.9,24.3,28.4,0.0,17.8,63,60,0.0,42535.29,7.0,Ho Chi Minh City
2025-03-03,35.6,24.3,28.9,0.0,14.6,65,90,0.0,42565.51,7.0,Ho Chi Minh City
2025-03-04,35.5,24.4,29.0,0.0,14.5,71,62,0.0,42596.02,7.0,Ho Chi Minh City
2025-03-05,36.0,25.2,29.2,0.0,14.9,71,68,0.0,40446.15,7.0,Ho Chi Minh City
2025-03-06,35.0,25.6,29.1,0.6,14.3,70,38,100.0,42551.09,7.0,Ho Chi Minh City
2025-03-07,35.7,25.0,29.2,0.8,13.9,68,56,100.0,42688.64,7.0,Ho Chi Minh City
2025-03-08,35.2,24.5,29.3,0.9,13.4,68,60,100.0,42719.68,7.0,Ho Chi Minh City
2025-03-09,32.1,24.9,28.8,0.9,8.8,64,88,100.0,18524.19,7.0,Ho Chi Minh City
2025-03-10,35.2,24.8,29.6,6.2,15.7,68,69,100.0,41771.9,7.0,Ho Chi Minh City
2025-03-11,36.4,25.1,30.3,0.0,16.5,60,36,0.0,42816.48,7.0,Ho Chi Minh City
2025-03-12,36.6,25.7,30.0,1.0,15.8,61,61,100.0,42850.19,7.0,Ho Chi Minh City
2025-03-13,35.9,25.8,29.7,0.0,17.1,62,44,0.0,42884.51,7.0,Ho Chi Minh City
2025-03-14,36.6,25.1,29.6,0.0,17.0,63,68,0.0,42919.35,7.0,Ho Chi Minh City
2025-03-15,36.4,24.9,29.4,0.0,14.7,70,75,0.0,42852.92,7.0,Ho Chi Minh City
2025-03-16,35.2,25.4,29.0,1.6,17.1,72,41,100.0,42990.34,7.0,Ho Chi Minh City
2025-03-17,35.5,23.5,28.7,8.2,11.9,71,73,100.0,36732.04,7.0,Ho Chi Minh City
2025-03-18,35.2,24.4,29.3,1.1,10.4,69,65,100.0,43062.59,7.0,Ho Chi Minh City
2025-03-19,36.2,25.5,30.2,0.0,12.4,57,60,0.0,43099.01,7.0,Ho Chi Minh City
2025-03-20,35.7,23.6,29.1,0.0,15.1,54,99,0.0,41687.79,7.0,Ho Chi Minh City
2025-03-21,36.2,23.9,29.4,0.0,13.5,54,76,0.0,36392.43,7.0,Ho Chi Minh City
2025-03-22,36.0,24.2,29.6,0.0,13.0,59,43,0.0,43200.0,7.0,Ho Chi Minh City
2025-03-23,35.6,24.9,29.1,0.0,13.9,61,56,0.0,41005.1,7.0,Ho Chi Minh City
2025-03-24,36.6,23.9,28.6,0.0,20.1,65,20,0.0,43200.0,7.0,Ho Chi Minh City
2025-03-25,33.0,24.5,27.7,0.0,15.7,66,62,0.0,32649.37,7.0,Ho Chi Minh City
2025-03-26,34.2,23.8,28.1,0.0,12.3,67,41,0.0,43200.0,7.0,Ho Chi Minh City
2025-03-27,35.4,24.1,28.5,0.0,14.0,66,52,0.0,43200.0,7.0,Ho Chi Minh City
2025-03-28,34.8,23.7,28.6,0.1,14.0,69,10,0.0,40724.51,7.0,Ho Chi Minh City
2025-03-29,35.7,25.2,29.2,0.4,16.6,70,59,0.0,43162.95,7.0,Ho Chi Minh City
2025-03-30,37.1,26.0,29.9,2.1,18.1,66,64,100.0,43200.0,7.0,Ho Chi Minh City
2025-03-31,33.6,25.0,28.9,2.9,10.9,71,98,100.0,22974.86,7.0,Ho Chi Minh City
2025-04-01,32.5,24.9,27.2,21.0,9.0,85,92,100.0,18548.12,7.0,Ho Chi Minh City
2025-04-02,29.3,24.4,26.6,0.8,13.0,86,84,100.0,29918.16,7.0,Ho Chi Minh City
2025-04-03,32.9,23.9,27.7,0.1,11.7,75,11,0.0,43200.0,7.0,Ho Chi Minh City
2025-04-04,33.6,23.2,27.8,0.0,13.1,73,46,0.0,43200.0,7.0,Ho Chi Minh City
2025-04-05,33.6,23.9,28.0,0.0,13.9,75,39,0.0,43200.0,7.0,Ho Chi Minh City
2025-04-06,33.8,24.5,28.4,0.0,14.1,73,61,0.0,43200.0,7.0,Ho Chi Minh City
2025-04-07,36.1,24.6,29.2,0.0,15.6,66,68,0.0,43200.0,7.0,Ho Chi Minh City
2025-04-08,35.4,24.9,29.5,0.1,15.1,63,76,0.0,41789.93,7.0,Ho Chi Minh City
2025-04-09,35.8,25.7,29.4,1.3,14.7,68,56,100.0,43200.0,7.0,Ho Chi Minh City
2025-04-10,35.7,25.8,29.6,1.3,9.9,71,98,100.0,43200.0,7.0,Ho Chi Minh City
2025-04-11,34.4,25.8,29.0,1.0,12.2,75,87,100.0,35179.56,7.0,Ho Chi Minh City
2025-04-12,35.5,25.3,29.9,0.4,12.1,71,29,0.0,43200.0,7.0,Ho Chi Minh City
2025-04-13,36.3,26.4,30.1,1.7,14.7,71,35,100.0,40757.16,7.0,Ho Chi Minh City
2025-04-14,36.6,26.3,30.1,4.7,14.7,67,62,100.0,42161.8,7.0,Ho Chi Minh City
2025-04-15,35.5,26.3,30.2,1.7,15.4,65,88,100.0,42779.24,7.0,Ho Chi Minh City
2025-04-16,35.6,26.7,29.9,1.8,15.8,66,82,100.0,42387.06,7.0,Ho Chi Minh City
2025-04-17,36.4,26.2,30.1,1.7,12.7,70,92,100.0,43200.0,7.0,Ho Chi Minh City
2025-04-18,36.0,25.5,30.1,1.6,13.7,70,49,100.0,41692.43,7.0,Ho Chi Minh City
2025-04-19,35.9,26.3,30.3,0.4,14.0,69,40,0.0,43200.0,7.0,Ho Chi Minh City
2025-04-20,36.7,26.0,30.4,0.0,14.5,68,37,0.0,43200.0,7.0,Ho Chi Minh City
2025-04-21,35.7,26.4,30.0,1.9,15.7,72,55,100.0,43200.0,7.0,Ho Chi Minh City
2025-04-22,33.2,26.6,29.2,3.9,15.5,75,91,100.0,43043.27,7.0,Ho Chi Minh City
2025-04-23,35.9,25.7,29.3,2.8,12.7,75,66,100.0,43200.0,7.0,Ho Chi Minh City
2025-04-24,34.9,25.4,28.6,4.5,14.6,80,74,100.0,36306.43,7.0,Ho Chi Minh City
2025-04-25,34.7,25.7,29.4,3.0,10.1,75,53,100.0,43200.0,7.0,Ho Chi Minh City
2025-04-26,34.1,24.9,28.4,15.2,17.2,81,93,100.0,39600.0,7.0,Ho Chi Minh City
2025-04-27,34.1,24.5,28.9,0.0,12.9,75,74,0.0,43200.0,7.0,Ho Chi Minh City
2025-04-28,36.1,25.9,30.1,0.0,15.1,70,44,0.0,43200.0,7.0,Ho Chi Minh City
2025-04-29,36.7,25.9,30.7,0.1,15.5,63,85,0.0,43200.0,7.0,Ho Chi Minh City
2025-04-30,36.8,26.6,31.1,0.0,15.5,58,30,0.0,43200.0,7.0,Ho Chi Minh City
2025-05-01,36.0,27.8,30.3,2.5,12.4,66,73,100.0,35470.4,7.0,Ho Chi Minh City
2025-05-02,34.9,27.2,29.9,3.2,15.7,68,97,100.0,42926.01,7.0,Ho Chi Minh City
2025-05-03,32.0,26.0,28.1,7.6,12.8,81,72,100.0,36682.6,7.0,Ho Chi Minh City
2025-05-04,33.2,25.3,28.8,1.1,12.6,79,84,100.0,36767.84,7.0,Ho Chi Minh City
2025-05-05,33.5,25.6,29.0,0.9,14.4,77,55,100.0,43200.0,7.0,Ho Chi Minh City
2025-05-06,34.6,25.7,29.4,3.7,12.2,76,61,100.0,43200.0,7.0,Ho Chi Minh City
2025-05-07,35.4,25.9,29.8,3.7,12.3,74,57,100.0,43200.0,7.0,Ho Chi Minh City
2025-05-08,37.4,26.0,30.9,0.4,18.2,68,77,0.0,41309.89,7.0,Ho Chi Minh City
2025-05-09,37.2,27.3,31.1,1.4,11.9,68,63,100.0,39306.4,7.0,Ho Chi Minh City
2025-05-10,30.3,26.1,28.0,8.0,11.6,85,85,100.0,252.64,7.0,Ho Chi Minh City
2025-05-11,32.9,25.1,27.8,10.5,12.3,85,99,100.0,32675.26,7.0,Ho Chi Minh City
2025-05-12,32.4,25.1,27.6,7.5,11.9,85,98,100.0,38506.45,7.0,Ho Chi Minh City
2025-05-13,32.8,24.5,27.4,7.7,12.3,85,94,100.0,39568.36,7.0,Ho Chi Minh City
2025-05-14,33.3,25.8,28.7,5.9,13.6,82,81,100.0,41824.43,7.0,Ho Chi Minh City
2025-05-15,32.3,25.6,27.7,12.1,9.5,86,99,100.0,39600.0,7.0,Ho Chi Minh City
2025-05-16,33.2,25.5,28.5,5.7,12.1,83,97,100.0,39600.0,7.0,Ho Chi Minh City
2025-05-17,32.3,25.4,28.7,3.3,13.0,80,78,100.0,43200.0,7.0,Ho Chi Minh City
2025-05-18,33.7,25.9,29.1,1.4,10.4,78,89,100.0,43200.0,7.0,Ho Chi Minh City
2025-05-19,32.8,25.8,27.8,14.1,15.3,85,76,100.0,31449.29,7.0,Ho Chi Minh City
2025-05-20,32.0,25.1,28.2,1.2,10.8,83,91,100.0,41653.74,7.0,Ho Chi Minh City
2025-05-21,33.3,25.0,27.9,12.0,12.8,87,78,100.0,34923.79,7.0,Ho Chi Minh City
2025-05-22,31.8,23.9,26.9,32.0,11.8,88,100,100.0,21720.46,7.0,Ho Chi Minh City
2025-05-23,31.6,25.3,27.6,9.9,9.5,86,100,100.0,33120.81,7.0,Ho Chi Minh City
2025-05-24,30.6,25.4,27.0,17.7,11.0,88,96,100.0,31995.15,7.0,Ho Chi Minh City
2025-05-25,31.1,25.1,27.1,19.0,11.5,87,94,100.0,29216.52,7.0,Ho Chi Minh City
2025-05-26,32.7,24.4,27.7,6.0,10.4,86,72,100.0,34190.42,7.0,Ho Chi Minh City
2025-05-27,32.7,24.7,27.7,25.0,11.3,86,95,100.0,38791.04,7.0,Ho Chi Minh City
2025-05-28,32.7,24.5,27.5,25.9,10.1,88,99,100.0,32400.0,7.0,Ho Chi Minh City
2025-05-29,32.9,24.9,27.0,24.9,11.7,90,93,100.0,18000.0,7.0,Ho Chi Minh City
2025-05-30,32.4,24.6,26.9,21.0,14.9,88,99,100.0,26600.0,7.0,Ho Chi Minh City
2025-05-31,32.9,24.7,27.5,10.4,22.3,84,76,100.0,32400.0,7.0,Ho Chi Minh City
2025-06-01,33.7,25.5,28.5,1.0,14.2,83,83,100.0,40876.53,7.0,Ho Chi Minh City
2025-06-02,31.3,25.8,27.6,2.0,16.9,86,99,100.0,26150.61,7.0,Ho Chi Minh City
2025-06-03,30.6,25.5,27.3,5.9,16.2,87,94,100.0,20142.62,7.0,Ho Chi Minh City
2025-06-04,32.7,26.1,28.2,6.5,11.9,83,78,100.0,41279.61,7.0,Ho Chi Minh City
2025-06-05,32.7,25.3,28.1,2.5,12.7,84,88,100.0,38430.15,7.0,Ho Chi Minh City
2025-06-06,32.8,24.5,27.7,18.3,10.7,86,95,100.0,35818.23,7.0,Ho Chi Minh City
2025-06-07,30.0,24.5,27.0,23.4,14.3,89,100,100.0,21965.88,7.0,Ho Chi Minh City
2025-06-08,29.7,24.7,27.0,24.4,14.6,88,97,100.0,32264.54,7.0,Ho Chi Minh City
2025-06-09,32.0,25.3,26.8,20.8,16.5,88,94,100.0,22480.71,7.0,Ho Chi Minh City
2025-06-10,31.1,25.3,26.7,18.1,15.5,90,100,100.0,17812.34,7.0,Ho Chi Minh City
2025-06-11,29.8,25.0,26.4,13.0,22.1,89,100,100.0,9287.64,7.0,Ho Chi Minh City
2025-06-12,30.3,24.8,26.7,3.3,19.0,88,100,100.0,9930.22,7.0,Ho Chi Minh City
2025-06-13,30.6,24.8,27.0,10.2,16.8,88,100,100.0,22173.95,7.0,Ho Chi Minh City
2025-06-14,32.0,25.1,27.6,19.2,16.9,87,100,100.0,30163.73,7.0,Ho Chi Minh City
2025-06-15,32.9,25.3,28.4,6.0,13.7,84,98,100.0,39615.83,7.0,Ho Chi Minh City
2025-06-16,32.9,25.6,28.0,10.6,8.3,86,92,100.0,35820.17,7.0,Ho Chi Minh City
2025-06-17,33.0,25.0,27.5,15.1,11.0,87,92,100.0,36000.0,7.0,Ho Chi Minh City
2025-06-18,32.4,24.6,27.2,8.1,12.4,88,100,100.0,31881.05,7.0,Ho Chi Minh City
2025-06-19,32.5,24.1,27.3,8.2,11.8,87,100,100.0,39818.14,7.0,Ho Chi Minh City
2025-06-20,32.2,24.1,27.2,15.2,10.6,88,99,100.0,31017.93,7.0,Ho Chi Minh City
2025-06-21,31.7,24.1,26.6,3.0,13.4,88,99,100.0,35145.4,7.0,Ho Chi Minh City
2025-06-22,30.7,24.5,26.5,11.7,16.8,87,100,100.0,29272.01,7.0,Ho Chi Minh City
2025-06-23,31.8,24.5,27.4,2.0,16.4,82,96,100.0,43200.0,7.0,Ho Chi Minh City
2025-06-24,31.9,24.5,27.1,11.1,18.8,86,100,100.0,27730.05,7.0,Ho Chi Minh City
2025-06-25,31.3,24.9,26.7,19.1,14.3,87,87,100.0,28198.42,7.0,Ho Chi Minh City
2025-06-26,29.8,24.4,26.1,26.0,10.4,92,100,100.0,23897.86,7.0,Ho Chi Minh City
2025-06-27,31.1,24.2,26.8,13.0,13.4,88,93,100.0,37435.99,7.0,Ho Chi Minh City
2025-06-28,31.0,24.8,26.8,19.8,19.7,87,61,100.0,37627.92,7.0,Ho Chi Minh City
2025-06-29,31.7,24.7,27.2,5.9,23.4,84,84,100.0,36592.22,7.0,Ho Chi Minh City
2025-06-30,32.9,24.6,27.9,0.9,16.4,79,72,100.0,40461.04,7.0,Ho Chi Minh City
2025-07-01,30.9,24.9,26.9,16.7,9.9,88,98,100.0,25380.93,7.0,Ho Chi Minh City
2025-07-02,31.1,24.1,26.5,21.0,14.3,89,100,100.0,23312.96,7.0,Ho Chi Minh City
2025-07-03,32.1,24.2,26.7,10.6,11.8,87,100,100.0,29254.99,7.0,Ho Chi Minh City
2025-07-04,31.9,24.0,27.4,2.4,17.3,83,79,100.0,43200.0,7.0,Ho Chi Minh City
2025-07-05,32.4,24.8,27.6,9.9,15.3,85,97,100.0,39766.77,7.0,Ho Chi Minh City
2025-07-06,31.2,25.5,27.5,10.4,13.4,86,100,100.0,30907.56,7.0,Ho Chi Minh City
2025-07-07,31.2,24.8,26.7,16.0,16.6,89,94,100.0,26265.97,7.0,Ho Chi Minh City
2025-07-08,31.1,24.6,27.0,15.0,16.3,87,96,100.0,36000.0,7.0,Ho Chi Minh City
2025-07-09,30.4,24.7,26.9,25.4,15.1,85,78,100.0,39600.0,7.0,Ho Chi Minh City
2025-07-10,32.2,24.3,27.5,6.3,22.0,85,43,100.0,43200.0,7.0,Ho Chi Minh City
2025-07-11,31.8,25.4,27.8,6.5,16.1,83,82,100.0,40034.15,7.0,Ho Chi Minh City
2025-07-12,31.9,25.1,27.4,18.1,12.1,87,61,100.0,34130.65,7.0,Ho Chi Minh City
2025-07-13,31.7,25.2,27.4,7.8,14.8,86,75,100.0,33621.59,7.0,Ho Chi Minh City
2025-07-14,31.4,24.9,27.1,19.8,12.8,89,76,100.0,34163.38,7.0,Ho Chi Minh City
2025-07-15,30.8,24.7,27.1,15.7,15.2,88,88,100.0,39784.41,7.0,Ho Chi Minh City
2025-07-16,30.7,24.5,26.7,11.1,13.2,89,92,100.0,28800.0,7.0,Ho Chi Minh City
2025-07-17,28.7,24.6,26.7,15.1,15.2,89,90,100.0,34794.12,7.0,Ho Chi Minh City
2025-07-18,30.1,24.9,26.5,11.0,14.8,88,99,100.0,29525.25,7.0,Ho Chi Minh City
2025-07-19,31.8,25.0,27.1,12.1,18.3,86,93,100.0,26589.98,7.0,Ho Chi Minh City
2025-07-20,29.9,25.3,27.1,3.4,17.1,85,100,100.0,34776.35,7.0,Ho Chi Minh City
2025-07-21,31.1,24.7,27.2,5.4,21.9,84,100,100.0,18375.24,7.0,Ho Chi Minh City
2025-07-22,32.5,25.2,28.4,2.0,22.6,77,99,100.0,42842.05,7.0,Ho Chi Minh City
2025-07-23,31.4,25.4,28.1,18.4,16.8,81,95,100.0,41221.83,7.0,Ho Chi Minh City
2025-07-24,33.0,25.9,28.9,0.0,15.4,76,97,0.0,35963.25,7.0,Ho Chi Minh City
2025-07-25,33.3,24.8,28.7,4.0,18.8,76,90,100.0,37393.15,7.0,Ho Chi Minh City
2025-07-26,32.8,25.3,28.3,1.1,15.5,81,100,100.0,22642.07,7.0,Ho Chi Minh City
2025-07-27,31.2,25.3,27.2,15.9,17.2,85,98,100.0,26942.08,7.0,Ho Chi Minh City
2025-07-28,30.0,24.7,26.9,3.6,20.8,87,90,100.0,37624.73,7.0,Ho Chi Minh City
2025-07-29,30.8,25.7,27.9,14.7,17.9,84,75,100.0,39860.51,7.0,Ho Chi Minh City
2025-07-30,32.2,26.0,28.7,0.3,18.4,79,94,0.0,43200.0,7.0,Ho Chi Minh City
2025-07-31,32.3,25.7,28.0,11.5,14.7,84,84,100.0,37882.66,7.0,Ho Chi Minh City
2025-08-01,32.3,25.4,28.4,0.8,15.6,83,85,100.0,43200.0,7.0,Ho Chi Minh City
2025-08-02,32.5,25.6,28.6,1.7,12.6,81,98,100.0,43200.0,7.0,Ho Chi Minh City
2025-08-03,33.4,25.6,28.4,3.2,13.0,83,83,100.0,41365.6,7.0,Ho Chi Minh City
2025-08-04,33.7,24.8,28.1,9.0,11.5,86,69,100.0,40223.58,7.0,Ho Chi Minh City
2025-08-05,33.2,25.3,28.1,4.8,15.5,83,84,100.0,41070.68,7.0,Ho Chi Minh City
2025-08-06,32.8,25.1,27.7,7.6,16.1,82,100,100.0,33956.68,7.0,Ho Chi Minh City
2025-08-07,33.3,24.6,28.4,1.7,11.7,79,68,100.0,43200.0,7.0,Ho Chi Minh City
2025-08-08,33.7,24.5,28.3,6.8,10.1,82,60,100.0,36000.0,7.0,Ho Chi Minh City
2025-08-09,32.6,23.8,27.2,27.9,11.9,86,99,100.0,25091.75,7.0,Ho Chi Minh City
2025-08-10,32.8,23.1,26.8,7.8,13.2,86,92,100.0,43200.0,7.0,Ho Chi Minh City
2025-08-11,31.5,24.2,26.5,13.5,16.0,87,88,100.0,37102.04,7.0,Ho Chi Minh City
2025-08-12,31.4,24.1,26.8,4.4,12.7,85,99,100.0,36956.09,7.0,Ho Chi Minh City
2025-08-13,31.1,24.3,26.5,17.1,16.5,87,100,100.0,36506.19,7.0,Ho Chi Minh City
2025-08-14,32.0,23.5,26.2,35.1,10.7,90,100,100.0,24987.29,7.0,Ho Chi Minh City
2025-08-15,31.0,23.9,26.0,17.5,19.0,90,100,100.0,25200.0,7.0,Ho Chi Minh City
2025-08-16,29.1,23.9,25.1,28.8,16.8,92,100,100.0,12027.67,7.0,Ho Chi Minh City
2025-08-17,30.2,23.7,25.7,17.0,15.3,89,99,100.0,26923.84,7.0,Ho Chi Minh City
2025-08-18,31.6,23.6,27.1,0.6,13.7,81,90,100.0,43200.0,7.0,Ho Chi Minh City
2025-08-19,32.1,24.4,27.6,3.0,9.6,83,49,100.0,43200.0,7.0,Ho Chi Minh City
2025-08-20,33.0,23.5,27.3,28.5,17.5,84,82,100.0,36361.52,7.0,Ho Chi Minh City
2025-08-21,27.9,23.1,24.8,45.9,10.3,92,99,100.0,3094.15,7.0,Ho Chi Minh City
2025-08-22,30.9,22.9,26.2,4.8,17.3,85,70,100.0,41659.08,7.0,Ho Chi Minh City
2025-08-23,30.7,23.7,26.7,11.6,12.4,86,85,100.0,35498.29,7.0,Ho Chi Minh City
2025-08-24,31.2,24.7,26.6,15.5,15.0,85,100,100.0,25292.82,7.0,Ho Chi Minh City
2025-08-25,28.9,24.4,26.0,13.7,22.3,89,100,100.0,22085.37,7.0,Ho Chi Minh City
2025-08-26,29.1,24.1,26.4,4.8,15.2,87,100,100.0,12963.69,7.0,Ho Chi Minh City
2025-08-27,30.6,24.4,26.5,11.4,10.5,87,99,100.0,36813.94,7.0,Ho Chi Minh City
2025-08-28,32.1,23.6,26.6,29.7,15.8,85,87,100.0,35950.92,7.0,Ho Chi Minh City
2025-08-29,31.7,23.4,26.3,34.7,15.7,89,100,100.0,29541.4,7.0,Ho Chi Minh City
2025-08-30,31.0,24.8,26.6,8.2,20.1,89,100,100.0,34388.32,7.0,Ho Chi Minh City
2025-08-31,32.0,24.4,26.7,23.5,12.8,88,79,100.0,26927.52,7.0,Ho Chi Minh City
2025-09-01,30.8,24.6,26.5,7.2,17.6,90,100,100.0,24405.71,7.0,Ho Chi Minh City
2025-09-02,29.8,24.4,25.8,44.4,12.8,93,100,100.0,14512.82,7.0,Ho Chi Minh City
2025-09-03,30.4,24.1,26.3,12.7,11.5,90,98,100.0,31266.36,7.0,Ho Chi Minh City
2025-09-04,31.2,23.9,26.6,15.4,12.3,88,98,100.0,38860.48,7.0,Ho Chi Minh City
2025-09-05,31.7,24.6,26.9,25.6,9.9,88,95,100.0,23188.54,7.0,Ho Chi Minh City
2025-09-06,31.9,23.7,26.7,24.6,12.7,87,98,100.0,28282.17,7.0,Ho Chi Minh City
2025-09-07,28.8,23.8,25.7,40.3,14.6,92,100,100.0,9762.18,7.0,Ho Chi Minh City
2025-09-08,31.5,24.2,26.4,13.4,18.8,90,93,100.0,28630.53,7.0,Ho Chi Minh City
2025-09-09,30.8,24.2,26.5,10.9,21.1,89,100,100.0,26287.78,7.0,Ho Chi Minh City
2025-09-10,31.8,24.0,26.9,6.6,8.4,88,99,100.0,36000.0,7.0,Ho Chi Minh City
2025-09-11,32.2,23.8,26.6,5.5,11.4,88,94,100.0,31955.25,7.0,Ho Chi Minh City
2025-09-12,31.3,23.5,26.5,12.0,17.6,87,87,100.0,31977.24,7.0,Ho Chi Minh City
2025-09-13,30.0,24.4,26.6,6.4,14.5,87,100,100.0,23511.82,7.0,Ho Chi Minh City
2025-09-14,29.9,24.3,26.2,21.1,12.9,89,100,100.0,24516.27,7.0,Ho Chi Minh City
2025-09-15,31.8,23.3,26.6,12.4,15.0,89,95,100.0,33197.17,7.0,Ho Chi Minh City
2025-09-16,30.5,24.1,26.4,11.7,10.3,88,96,100.0,23890.37,7.0,Ho Chi Minh City
2025-09-17,31.9,23.9,26.6,17.0,21.0,86,92,100.0,32491.77,7.0,Ho Chi Minh City
2025-09-18,31.8,23.9,26.6,14.6,12.4,88,99,100.0,35091.8,7.0,Ho Chi Minh City
2025-09-19,31.4,24.7,26.7,12.9,14.0,85,93,100.0,17876.2,7.0,Ho Chi Minh City
2025-09-20,32.9,24.4,27.8,5.1,14.2,80,85,100.0,40682.12,7.0,Ho Chi Minh City
2025-09-21,31.5,24.5,27.1,20.9,12.6,86,96,100.0,33226.79,7.0,Ho Chi Minh City
2025-09-22,27.3,23.6,25.3,17.6,14.1,90,100,100.0,0.0,7.0,Ho Chi Minh City
2025-09-23,29.6,23.3,25.9,2.6,13.0,86,100,100.0,12232.73,7.0,Ho Chi Minh City
2025-09-24,31.5,24.7,27.0,1.9,21.1,85,95,100.0,35156.21,7.0,Ho Chi Minh City
2025-09-25,31.4,24.9,27.1,15.1,18.4,85,100,100.0,27685.12,7.0,Ho Chi Minh City
2025-09-26,30.0,24.9,26.3,15.6,10.7,89,100,100.0,7200.0,7.0,Ho Chi Minh City
2025-09-27,30.2,24.2,25.6,14.1,16.3,93,100,100.0,15317.35,7.0,Ho Chi Minh City
2025-09-28,30.6,23.9,26.0,14.2,16.2,90,100,100.0,18704.99,7.0,Ho Chi Minh City
2025-09-29,29.7,24.1,26.1,20.6,16.4,89,97,100.0,28463.54,7.0,Ho Chi Minh City
2025-09-30,30.0,24.2,26.4,8.6,12.3,88,100,100.0,28235.14,7.0,Ho Chi Minh City
2025-10-01,31.6,24.1,26.6,7.8,10.1,87,56,100.0,40963.68,7.0,Ho Chi Minh City
2025-10-02,31.7,23.9,27.5,0.0,7.0,82,31,0.0,40749.01,7.0,Ho Chi Minh City
2025-10-03,31.1,24.5,26.7,13.0,15.1,88,97,100.0,36307.06,7.0,Ho Chi Minh City
2025-10-04,32.4,24.4,27.6,5.9,13.7,82,95,100.0,40553.72,7.0,Ho Chi Minh City
2025-10-05,31.5,24.4,27.2,2.0,12.3,84,99,100.0,20354.2,7.0,Ho Chi Minh City
2025-10-06,32.9,24.7,27.5,10.9,18.8,83,99,100.0,39600.0,7.0,Ho Chi Minh City
2025-10-07,32.5,24.7,27.3,3.7,17.1,85,82,100.0,37205.29,7.0,Ho Chi Minh City
2025-10-08,32.0,23.2,26.4,24.4,9.4,88,78,100.0,32400.0,7.0,Ho Chi Minh City
2025-10-09,31.1,23.7,26.5,3.2,9.2,87,96,100.0,35521.54,7.0,Ho Chi Minh City
2025-10-10,30.1,23.9,26.5,5.9,9.4,88,72,100.0,30362.16,7.0,Ho Chi Minh City
2025-10-11,30.3,23.5,26.5,18.0,9.4,87,98,100.0,29380.66,7.0,Ho Chi Minh City
2025-10-12,31.2,23.9,26.7,9.6,10.2,87,99,100.0,28800.0,7.0,Ho Chi Minh City
2025-10-13,30.3,24.2,26.5,20.1,10.0,90,100,100.0,15953.05,7.0,Ho Chi Minh City
2025-10-14,31.2,24.4,27.0,11.9,9.3,86,94,100.0,36000.0,7.0,Ho Chi Minh City
2025-10-15,32.8,24.8,27.7,9.4,14.1,84,67,100.0,35834.4,7.0,Ho Chi Minh City
2025-10-16,32.3,24.4,27.6,0.7,10.7,84,85,100.0,39600.0,7.0,Ho Chi Minh City
2025-10-17,32.7,24.7,27.7,4.8,7.5,84,99,100.0,34422.76,7.0,Ho Chi Minh City
2025-10-18,31.9,24.5,26.6,5.5,14.0,88,100,100.0,35746.69,7.0,Ho Chi Minh City
2025-10-19,32.9,24.5,28.0,0.3,7.6,82,82,0.0,36270.31,7.0,Ho Chi Minh City
2025-10-20,33.2,24.6,28.0,12.0,10.5,83,93,100.0,39600.0,7.0,Ho Chi Minh City
2025-10-21,32.3,24.7,27.6,8.5,10.3,86,99,100.0,35898.38,7.0,Ho Chi Minh City
2025-10-22,32.1,24.1,27.2,10.8,9.0,88,99,100.0,32564.13,7.0,Ho Chi Minh City
2025-10-23,31.4,24.3,26.8,4.6,8.9,87,99,100.0,32015.11,7.0,Ho Chi Minh City
2025-10-24,32.1,24.7,27.0,17.9,8.1,88,97,100.0,28437.16,7.0,Ho Chi Minh City
2025-10-25,29.0,23.8,26.0,2.2,9.5,90,100,100.0,2313.38,7.0,Ho Chi Minh City
2025-10-26,30.5,23.6,26.4,10.6,10.2,87,100,100.0,23188.61,7.0,Ho Chi Minh City
2025-10-27,30.4,23.2,26.1,4.0,12.3,87,94,100.0,26489.88,7.0,Ho Chi Minh City
2025-10-28,29.8,24.3,25.7,35.4,6.6,92,100,100.0,21092.09,7.0,Ho Chi Minh City
2025-10-29,29.2,24.4,26.1,6.9,9.0,90,100,100.0,22759.03,7.0,Ho Chi Minh City
2025-10-30,28.5,24.5,26.2,4.4,12.0,91,97,100.0,6341.59,7.0,Ho Chi Minh City
2025-10-31,30.8,24.3,27.0,9.4,14.9,87,76,100.0,36000.0,7.0,Ho Chi Minh City
2025-11-01,30.7,24.5,26.2,32.0,10.6,91,95,100.0,26954.38,7.0,Ho Chi Minh City
2025-11-02,31.2,23.9,26.5,6.8,10.1,85,100,100.0,31731.22,7.0,Ho Chi Minh City
2025-11-03,28.7,24.1,26.1,19.3,9.2,89,93,100.0,20337.19,7.0,Ho Chi Minh City
2025-11-04,30.8,24.0,26.5,15.1,10.7,87,94,100.0,35915.23,7.0,Ho Chi Minh City
2025-11-05,29.9,24.0,26.2,8.7,9.5,90,100,100.0,21341.89,7.0,Ho Chi Minh City
2025-11-06,28.6,23.9,25.8,9.1,14.1,91,100,100.0,0.0,7.0,Ho Chi Minh City
2025-11-07,31.3,24.3,26.3,8.9,13.7,90,100,100.0,29094.11,7.0,Ho Chi Minh City
2025-11-08,31.1,24.4,27.0,5.3,8.6,88,83,100.0,39600.0,7.0,Ho Chi Minh City
2025-11-09,31.5,24.1,27.0,9.8,11.5,88,91,100.0,32783.59,7.0,Ho Chi Minh City
2025-11-10,31.7,24.5,27.0,2.0,11.8,88,98,100.0,38384.92,7.0,Ho Chi Minh City
2025-11-11,31.6,23.8,26.9,3.8,9.9,86,100,100.0,34367.29,7.0,Ho Chi Minh City
2025-11-12,30.4,24.2,26.4,7.1,11.4,88,93,100.0,39600.0,7.0,Ho Chi Minh City
2025-11-13,31.8,23.7,26.8,9.1,10.3,86,98,100.0,39600.0,7.0,Ho Chi Minh City
2025-11-14,31.7,23.4,26.9,0.2,10.7,79,86,0.0,37054.32,7.0,Ho Chi Minh City
2025-11-15,31.2,20.6,25.9,0.0,8.9,75,47,0.0,39600.0,7.0,Ho Chi Minh City
2025-11-16,29.6,23.6,25.1,21.7,9.4,88,92,100.0,18000.0,7.0,Ho Chi Minh City
2025-11-17,28.6,23.4,25.5,11.9,8.3,90,100,100.0,7200.0,7.0,Ho Chi Minh City
2025-11-18,30.1,24.1,26.0,10.1,13.1,90,78,100.0,37026.79,7.0,Ho Chi Minh City
2025-11-19,31.3,23.1,25.4,23.2,15.3,91,97,100.0,25200.0,7.0,Ho Chi Minh City
2025-11-20,29.0,22.4,25.4,0.6,12.9,82,95,100.0,22266.53,7.0,Ho Chi Minh City
2025-11-21,29.5,22.9,25.7,0.3,9.5,80,97,0.0,22211.81,7.0,Ho Chi Minh City
2025-11-22,27.6,23.3,25.1,2.7,10.6,83,100,100.0,729.41,7.0,Ho Chi Minh City
2025-11-23,31.1,23.5,26.0,4.4,11.2,86,88,100.0,26950.15,7.0,Ho Chi Minh City
2025-11-24,31.9,23.6,27.2,1.2,8.6,83,87,100.0,39600.0,7.0,Ho Chi Minh City
2025-11-25,31.7,23.6,26.9,0.0,14.9,74,75,0.0,39600.0,7.0,Ho Chi Minh City
2025-11-26,31.1,21.8,25.9,0.0,13.3,70,90,0.0,38867.5,7.0,Ho Chi Minh City
2025-11-27,30.6,21.9,25.6,0.0,15.2,69,98,0.0,39600.0,7.0,Ho Chi Minh City
2025-11-28,29.3,19.5,24.5,0.0,15.5,63,100,0.0,36776.59,7.0,Ho Chi Minh City
2025-11-29,31.5,20.8,26.0,0.0,10.7,67,98,0.0,39600.0,7.0,Ho Chi Minh City
2025-11-30,33.0,22.5,27.9,0.6,9.8,65,26,100.0,39613.89,7.0,Ho Chi Minh City
2025-12-01,34.2,24.2,29.2,0.1,9.6,64,40,0.0,39600.0,7.0,Ho Chi Minh City
2025-12-02,33.4,24.9,28.2,5.3,9.3,75,79,100.0,39459.67,7.0,Ho Chi Minh City
2025-12-03,31.4,23.9,26.2,29.1,10.6,86,82,100.0,31814.68,7.0,Ho Chi Minh City
2025-12-04,29.9,23.5,26.4,9.3,19.0,84,72,100.0,27949.22,7.0,Ho Chi Minh City
2025-12-05,31.1,23.6,26.9,0.8,6.9,83,57,100.0,37590.27,7.0,Ho Chi Minh City
2025-12-06,30.8,21.9,26.2,0.3,9.9,79,40,0.0,39446.44,7.0,Ho Chi Minh City
2025-12-07,31.1,21.1,26.0,0.4,9.6,76,85,0.0,39628.43,7.0,Ho Chi Minh City
2025-12-08,30.6,20.2,25.5,0.0,11.3,64,97,0.0,39382.57,7.0,Ho Chi Minh City
2025-12-09,31.6,21.7,26.8,0.1,14.2,64,96,0.0,39205.28,7.0,Ho Chi Minh City
2025-12-10,31.0,24.0,26.1,13.1,13.0,76,91,100.0,25778.24,7.0,Ho Chi Minh City
2025-12-11,31.2,23.1,26.4,8.0,14.5,82,96,100.0,24858.25,7.0,Ho Chi Minh City
2025-12-12,31.6,23.4,27.4,0.0,10.3,76,79,0.0,39258.03,7.0,Ho Chi Minh City
2025-12-13,32.0,23.7,27.1,15.9,14.6,83,99,100.0,34209.63,7.0,Ho Chi Minh City
2025-12-14,31.7,23.6,27.4,0.1,7.3,78,90,0.0,39198.05,7.0,Ho Chi Minh City
2025-12-15,33.1,23.7,27.9,0.0,9.3,72,93,0.0,36864.68,7.0,Ho Chi Minh City
2025-12-16,34.0,23.9,28.0,0.3,6.4,72,81,0.0,39254.61,7.0,Ho Chi Minh City
2025-12-17,33.7,23.5,27.9,0.7,9.1,74,54,100.0,39466.68,7.0,Ho Chi Minh City
2025-12-18,32.7,23.5,27.8,0.5,7.7,70,86,0.0,39074.78,7.0,Ho Chi Minh City
2025-12-19,33.7,23.1,28.1,0.3,10.1,69,81,0.0,39376.48,7.0,Ho Chi Minh City
2025-12-20,33.4,23.7,28.2,0.4,10.3,74,93,0.0,39330.7,7.0,Ho Chi Minh City
2025-12-21,34.5,23.8,28.3,0.2,8.5,71,79,0.0,39797.81,7.0,Ho Chi Minh City
2025-12-22,33.9,24.3,28.6,1.0,11.3,71,94,100.0,39238.49,7.0,Ho Chi Minh City
2025-12-23,33.3,24.7,28.0,0.8,9.0,74,92,100.0,35610.57,7.0,Ho Chi Minh City
2025-12-24,33.4,24.7,27.9,7.1,8.3,76,94,100.0,35404.74,7.0,Ho Chi Minh City
2025-12-25,31.3,24.3,26.6,26.7,18.2,87,87,100.0,30395.07,7.0,Ho Chi Minh City
2025-12-26,30.7,23.3,26.1,1.6,9.7,85,83,100.0,35231.62,7.0,Ho Chi Minh City
2025-12-27,30.3,22.3,25.6,0.7,9.7,82,97,100.0,34622.52,7.0,Ho Chi Minh City
2025-12-28,31.0,22.3,26.1,0.0,10.7,80,39,0.0,40248.96,7.0,Ho Chi Minh City
2025-12-29,31.2,22.8,26.1,0.0,10.2,78,70,0.0,37966.0,7.0,Ho Chi Minh City
2025-12-30,30.5,21.6,25.4,0.0,9.3,75,67,0.0,38390.44,7.0,Ho Chi Minh City
2025-12-31,31.2,21.0,25.5,0.0,11.8,74,64,0.0,40377.63,7.0,Ho Chi Minh City
2026-01-01,31.2,21.1,25.6,0.0,11.7,69,64,0.0,37834.2,7.0,Ho Chi Minh City
2026-01-02,31.2,21.0,25.9,0.0,10.4,65,61,0.0,38879.55,7.0,Ho Chi Minh City
2026-01-03,30.7,20.9,25.7,0.0,11.5,59,49,0.0,33519.74,7.0,Ho Chi Minh City
2026-01-04,33.2,20.1,26.4,0.0,10.6,58,84,0.0,39709.87,7.0,Ho Chi Minh City
2026-01-05,32.0,23.7,27.0,0.3,10.1,69,94,0.0,27761.04,7.0,Ho Chi Minh City
2026-01-06,31.2,23.6,25.9,22.2,9.8,81,98,100.0,22534.6,7.0,Ho Chi Minh City
2026-01-07,30.7,21.9,25.9,0.0,12.7,67,80,0.0,30654.25,7.0,Ho Chi Minh City
2026-01-08,30.7,20.5,25.3,0.0,10.8,60,59,0.0,41066.7,7.0,Ho Chi Minh City
2026-01-09,29.6,17.9,23.7,0.0,11.5,55,81,0.0,41081.61,7.0,Ho Chi Minh City
2026-01-10,30.5,18.7,24.8,0.0,8.7,57,44,0.0,41012.18,7.0,Ho Chi Minh City
2026-01-11,30.9,20.6,25.7,0.0,10.2,61,86,0.0,36374.49,7.0,Ho Chi Minh City
2026-01-12,32.3,23.4,27.1,0.0,11.7,67,57,0.0,33822.93,7.0,Ho Chi Minh City
2026-01-13,30.1,22.6,26.0,4.0,11.4,74,44,100.0,40265.52,7.0,Ho Chi Minh City
2026-01-14,31.1,22.2,26.2,0.4,12.4,72,51,0.0,38223.85,7.0,Ho Chi Minh City
2026-01-15,32.4,22.4,26.6,0.5,13.5,72,27,0.0,40831.47,7.0,Ho Chi Minh City
2026-01-16,32.4,22.3,26.6,0.0,13.9,70,78,0.0,39958.79,7.0,Ho Chi Minh City
2026-01-17,32.9,22.3,26.5,0.0,15.6,70,55,0.0,40391.92,7.0,Ho Chi Minh City
2026-01-18,32.4,22.4,26.5,0.2,15.2,70,59,0.0,38892.11,7.0,Ho Chi Minh City
2026-01-19,30.9,22.7,26.2,0.4,12.4,71,61,0.0,40404.33,7.0,Ho Chi Minh City
2026-01-20,32.2,22.7,26.6,0.1,15.7,67,53,0.0,39227.19,7.0,Ho Chi Minh City
2026-01-21,33.6,21.9,26.7,0.0,14.3,61,34,0.0,41008.72,7.0,Ho Chi Minh City
2026-01-22,33.6,21.5,27.2,0.0,10.8,59,80,0.0,41283.37,7.0,Ho Chi Minh City
2026-01-23,34.1,22.9,27.7,0.0,14.2,55,53,0.0,41306.54,7.0,Ho Chi Minh City
2026-01-24,32.4,21.7,26.7,0.0,13.1,65,28,0.0,40547.77,7.0,Ho Chi Minh City
2026-01-25,33.1,21.9,26.4,0.0,15.6,64,49,0.0,41100.92,7.0,Ho Chi Minh City
2026-01-26,33.3,22.0,26.5,0.0,19.0,64,31,0.0,40499.75,7.0,Ho Chi Minh City
2026-01-27,33.8,22.2,26.9,0.0,15.4,62,29,0.0,40892.92,7.0,Ho Chi Minh City
2026-01-28,34.2,22.0,27.0,0.0,14.1,63,17,0.0,40911.88,7.0,Ho Chi Minh City
2026-01-29,32.9,22.3,27.1,0.0,13.8,63,53,0.0,27198.59,7.0,Ho Chi Minh City
2026-01-30,33.5,22.6,27.0,0.0,17.3,64,84,0.0,35106.35,7.0,Ho Chi Minh City
2026-01-31,34.4,22.8,27.4,0.0,17.4,63,74,0.0,35310.5,7.0,Ho Chi Minh City
2026-02-01,34.1,22.1,27.3,0.0,10.6,58,71,0.0,41469.84,7.0,Ho Chi Minh City
2026-02-02,34.1,21.5,27.1,0.0,16.9,63,71,0.0,41237.37,7.0,Ho Chi Minh City
2026-02-03,33.9,24.4,28.5,0.9,10.1,60,70,100.0,37086.48,7.0,Ho Chi Minh City
2026-02-04,33.4,24.2,27.8,3.3,9.8,64,66,100.0,39290.04,7.0,Ho Chi Minh City
2026-02-05,32.8,24.1,27.2,0.7,15.4,72,89,100.0,38144.99,7.0,Ho Chi Minh City
2026-02-06,30.5,23.3,26.3,1.2,13.7,75,80,100.0,40549.63,7.0,Ho Chi Minh City
2026-02-07,33.3,23.3,26.9,0.0,14.7,72,67,0.0,40803.07,7.0,Ho Chi Minh City
2026-02-08,34.3,23.0,27.6,0.1,18.8,64,29,0.0,40324.87,7.0,Ho Chi Minh City
2026-02-09,35.1,22.2,28.1,0.0,9.9,55,70,0.0,41829.56,7.0,Ho Chi Minh City
2026-02-10,34.3,22.5,28.0,1.2,11.9,65,49,100.0,41552.73,7.0,Ho Chi Minh City
2026-02-11,31.0,24.4,26.7,2.3,11.1,78,92,100.0,28399.29,7.0,Ho Chi Minh City
2026-02-12,31.9,24.0,27.1,5.1,8.5,82,93,100.0,36253.6,7.0,Ho Chi Minh City
2026-02-13,32.5,23.4,27.2,1.2,10.5,75,95,100.0,40837.36,7.0,Ho Chi Minh City
2026-02-14,33.2,23.6,27.8,0.4,9.1,72,88,0.0,40356.72,7.0,Ho Chi Minh City
2026-02-15,33.8,23.5,28.2,0.0,11.8,69,57,0.0,41320.93,7.0,Ho Chi Minh City
2026-02-16,35.7,25.0,29.5,0.1,14.5,54,68,0.0,39876.94,7.0,Ho Chi Minh City
2026-02-17,35.7,25.9,29.8,0.0,16.6,51,92,0.0,42037.51,7.0,Ho Chi Minh City
2026-02-18,35.7,24.1,29.4,0.1,13.9,55,75,0.0,42117.88,7.0,Ho Chi Minh City
2026-02-19,34.9,24.7,29.5,0.0,12.1,57,74,0.0,42027.93,7.0,Ho Chi Minh City
2026-02-20,35.2,24.7,29.4,0.3,11.1,57,60,0.0,41782.69,7.0,Ho Chi Minh City
2026-02-21,34.6,23.5,28.4,0.0,15.5,64,44,0.0,42219.99,7.0,Ho Chi Minh City
2026-02-22,33.7,23.9,27.8,0.1,14.3,67,51,0.0,42254.44,7.0,Ho Chi Minh City
2026-02-23,34.3,24.5,28.3,0.3,14.2,64,57,0.0,42289.06,7.0,Ho Chi Minh City
2026-02-24,34.7,24.4,28.2,0.0,15.4,64,91,0.0,41990.48,7.0,Ho Chi Minh City
2026-02-25,34.5,24.4,28.2,0.0,13.9,66,88,0.0,31210.04,7.0,Ho Chi Minh City
2026-02-26,26.4,23.6,24.8,31.1,10.6,91,100,100.0,0.0,7.0,Ho Chi Minh City
2026-02-27,29.8,24.0,25.7,21.5,10.1,88,91,100.0,28974.61,7.0,Ho Chi Minh City
2026-02-28,31.3,23.4,26.7,1.5,11.5,84,33,100.0,41950.66,7.0,Ho Chi Minh City
2026-03-01,32.2,24.3,27.6,0.0,12.4,80,20,0.0,39808.43,7.0,Ho Chi Minh City
2026-03-02,32.4,24.8,27.8,0.1,12.3,80,43,0.0,42395.06,7.0,Ho Chi Minh City
2026-03-03,32.5,25.1,28.2,0.3,10.3,78,51,0.0,39600.0,7.0,Ho Chi Minh City
2026-03-04,32.2,24.9,27.8,0.3,12.2,80,39,0.0,37578.24,7.0,Ho Chi Minh City
2026-03-05,32.5,24.7,27.7,2.1,11.0,77,26,100.0,42614.35,7.0,Ho Chi Minh City
2026-03-06,31.9,23.1,26.2,6.0,11.0,83,47,100.0,40159.67,7.0,Ho Chi Minh City
2026-03-07,31.8,23.0,26.3,2.0,4.4,82,53,100.0,39414.31,7.0,Ho Chi Minh City
2026-03-08,32.5,23.1,27.2,0.1,11.7,73,15,0.0,40871.54,7.0,Ho Chi Minh City
2026-03-09,32.8,23.3,27.3,6.2,13.6,78,34,100.0,42501.03,7.0,Ho Chi Minh City
2026-03-10,33.4,23.9,27.8,0.8,14.5,75,30,100.0,42776.17,7.0,Ho Chi Minh City
2026-03-11,34.2,23.7,28.2,0.0,13.4,68,50,0.0,42810.31,7.0,Ho Chi Minh City
2026-03-12,34.6,25.3,28.7,0.3,14.3,60,30,0.0,40797.99,7.0,Ho Chi Minh City
2026-03-13,34.8,24.5,28.6,1.5,9.4,57,28,100.0,42879.81,7.0,Ho Chi Minh City
2026-03-14,32.3,24.6,27.7,1.0,10.0,69,60,100.0,39600.0,7.0,Ho Chi Minh City
2026-03-15,34.1,23.6,28.1,1.2,12.2,66,19,100.0,42587.6,7.0,Ho Chi Minh City
2026-03-16,33.5,24.0,28.2,0.2,12.9,63,13,0.0,42986.03,7.0,Ho Chi Minh City
2026-03-17,34.6,24.0,27.9,0.1,16.5,64,38,0.0,43021.68,7.0,Ho Chi Minh City
2026-03-18,34.6,23.8,27.9,0.0,16.5,63,22,0.0,43057.33,7.0,Ho Chi Minh City
2026-03-19,33.2,23.9,27.8,0.0,15.6,66,10,0.0,43092.91,7.0,Ho Chi Minh City
2026-03-20,32.4,24.3,27.6,0.4,13.4,68,48,0.0,43128.35,7.0,Ho Chi Minh City
2026-03-21,34.8,23.9,28.2,0.0,16.2,68,27,0.0,43163.58,7.0,Ho Chi Minh City
2026-03-22,35.4,24.6,28.7,0.0,18.1,63,21,0.0,43198.54,7.0,Ho Chi Minh City
2026-03-23,35.6,24.5,28.8,0.0,15.8,62,26,0.0,43200.0,7.0,Ho Chi Minh City
2026-03-24,35.2,24.0,28.3,0.0,16.2,66,11,0.0,43200.0,7.0,Ho Chi Minh City
2026-03-25,36.0,23.9,28.6,0.0,17.5,66,16,0.0,43200.0,7.0,Ho Chi Minh City
2026-03-26,35.5,24.5,28.6,0.0,15.8,66,13,0.0,43200.0,7.0,Ho Chi Minh City
2026-03-27,33.6,23.9,28.2,0.0,14.8,66,22,0.0,43200.0,7.0,Ho Chi Minh City
2026-03-28,34.7,23.6,28.0,0.0,17.4,70,23,0.0,43200.0,7.0,Ho Chi Minh City
2026-03-29,35.3,24.2,29.1,0.0,15.3,68,42,0.0,43200.0,7.0,Ho Chi Minh City
2026-03-30,34.9,24.6,28.9,0.1,14.9,70,14,0.0,43200.0,7.0,Ho Chi Minh City
2026-03-31,35.4,24.3,29.0,0.0,15.6,68,36,0.0,43200.0,7.0,Ho Chi Minh City
2026-04-01,35.2,24.6,28.9,0.0,17.1,68,40,0.0,43200.0,7.0,Ho Chi Minh City
2026-04-02,35.9,25.4,29.4,0.0,18.1,65,14,0.0,43200.0,7.0,Ho Chi Minh City
2026-04-03,35.4,25.0,29.3,0.0,16.5,60,7,0.0,43200.0,7.0,Ho Chi Minh City
2026-04-04,35.8,23.5,29.4,0.0,13.3,65,67,0.0,43200.0,7.0,Ho Chi Minh City
2026-04-05,36.4,24.9,29.8,0.0,13.8,68,22,0.0,43200.0,7.0,Ho Chi Minh City
2026-04-06,37.0,25.0,30.0,0.0,15.9,66,9,0.0,43200.0,7.0,Ho Chi Minh City
2026-04-07,37.4,25.3,30.7,0.0,13.8,63,35,0.0,43200.0,7.0,Ho Chi Minh City
2026-04-08,37.0,26.6,30.7,0.3,16.2,69,38,0.0,43200.0,7.0,Ho Chi Minh City
2026-04-09,35.4,26.3,29.9,0.0,14.4,67,17,0.0,43200.0,7.0,Ho Chi Minh City
2026-04-10,36.4,25.3,30.1,0.3,15.2,66,26,0.0,43200.0,7.0,Ho Chi Minh City
2026-04-11,36.5,26.0,30.3,0.0,14.5,65,23,0.0,43200.0,7.0,Ho Chi Minh City
2026-04-12,36.6,26.1,30.4,0.6,15.6,65,12,100.0,43200.0,7.0,Ho Chi Minh City
2026-04-13,34.8,26.2,29.9,0.2,13.3,70,10,0.0,43200.0,7.0,Ho Chi Minh City
2026-04-14,34.6,26.4,29.7,0.6,12.6,70,17,100.0,43200.0,7.0,Ho Chi Minh City
2026-04-15,34.8,26.0,29.8,0.2,13.8,67,35,0.0,43200.0,7.0,Ho Chi Minh City
2026-04-16,36.2,26.3,30.6,0.0,14.6,63,37,0.0,40068.09,7.0,Ho Chi Minh City
2026-04-17,35.9,27.2,30.7,0.1,15.8,62,22,0.0,43200.0,7.0,Ho Chi Minh City
2026-04-18,35.0,26.3,30.3,0.5,15.7,63,38,0.0,43200.0,7.0,Ho Chi Minh City
2026-04-19,34.1,26.0,29.7,0.9,13.6,65,45,100.0,42181.78,7.0,Ho Chi Minh City
2026-04-20,33.7,26.8,29.7,0.3,14.7,59,45,0.0,40745.31,7.0,Ho Chi Minh City
2026-04-21,34.2,25.8,29.4,0.1,15.5,59,47,0.0,43200.0,7.0,Ho Chi Minh City
2026-04-22,34.2,25.5,29.4,0.0,14.1,63,21,0.0,41388.74,7.0,Ho Chi Minh City
2026-04-23,35.5,25.7,29.8,0.0,14.9,63,21,0.0,43200.0,7.0,Ho Chi Minh City
2026-04-24,36.2,25.5,30.1,0.0,14.2,61,64,0.0,43200.0,7.0,Ho Chi Minh City
2026-04-25,36.1,27.0,30.8,1.8,13.4,63,58,100.0,39427.21,7.0,Ho Chi Minh City
2026-04-26,37.3,27.0,31.1,0.6,12.5,60,55,100.0,43200.0,7.0,Ho Chi Minh City
2026-04-27,36.9,26.7,31.0,0.0,14.3,63,54,0.0,43200.0,7.0,Ho Chi Minh City
2026-04-28,37.2,27.6,31.2,0.0,15.3,65,38,0.0,43200.0,7.0,Ho Chi Minh City
2026-04-29,36.7,26.8,31.3,1.4,9.2,62,60,100.0,43200.0,7.0,Ho Chi Minh City
2026-04-30,36.9,27.9,31.7,0.6,15.1,61,46,100.0,43200.0,7.0,Ho Chi Minh City
2026-05-01,39.4,27.8,31.8,0.5,18.5,56,65,0.0,43200.0,7.0,Ho Chi Minh City
2026-05-02,36.4,27.8,30.6,4.0,14.8,66,62,100.0,36741.49,7.0,Ho Chi Minh City
2026-05-03,34.4,27.1,29.9,0.1,12.8,73,99,0.0,41818.55,7.0,Ho Chi Minh City
2026-05-04,35.2,24.0,29.8,6.9,13.0,72,89,100.0,43200.0,7.0,Ho Chi Minh City
2026-05-05,35.6,27.1,29.8,8.0,11.7,72,100,100.0,38192.67,7.0,Ho Chi Minh City
2026-05-06,35.0,26.3,29.5,1.8,13.1,74,95,100.0,34239.61,7.0,Ho Chi Minh City
2026-05-07,36.3,27.0,30.8,0.1,13.4,67,64,0.0,43200.0,7.0,Ho Chi Minh City
2026-05-08,35.9,27.6,31.1,1.6,11.0,62,100,100.0,41968.62,7.0,Ho Chi Minh City
2026-05-09,37.7,27.1,31.3,0.5,14.0,62,75,0.0,43224.55,7.0,Ho Chi Minh City
2026-05-10,38.5,28.3,31.9,4.1,15.6,58,76,100.0,43217.72,7.0,Ho Chi Minh City
2026-05-11,37.9,26.0,31.6,0.4,16.3,62,81,0.0,43200.0,7.0,Ho Chi Minh City
2026-05-12,37.4,28.3,31.5,0.0,15.7,62,87,0.0,43200.0,7.0,Ho Chi Minh City
2026-05-13,36.6,27.8,31.7,0.5,15.8,64,87,0.0,43200.0,7.0,Ho Chi Minh City
2026-05-14,37.5,27.6,32.0,1.9,15.5,62,93,100.0,43200.0,7.0,Ho Chi Minh City
2026-05-15,37.4,28.2,32.0,5.8,12.9,64,83,100.0,43200.0,7.0,Ho Chi Minh City
2026-05-16,35.9,27.5,31.0,14.9,7.9,71,95,100.0,35455.28,7.0,Ho Chi Minh City
2026-05-17,35.9,26.2,29.7,8.8,12.9,77,93,100.0,36789.15,7.0,Ho Chi Minh City
2026-05-18,34.7,26.5,29.4,4.7,15.7,77,93,100.0,36052.05,7.0,Ho Chi Minh City
2026-05-19,33.1,26.7,29.2,7.9,13.0,80,94,100.0,40305.46,7.0,Ho Chi Minh City
2026-05-20,34.1,27.4,29.7,2.5,13.8,77,90,100.0,34057.88,7.0,Ho Chi Minh City
2026-05-21,31.7,25.1,28.5,23.2,14.6,83,73,100.0,40746.4,7.0,Ho Chi Minh City
2026-05-22,34.3,26.5,29.7,1.2,9.9,77,68,100.0,43200.0,7.0,Ho Chi Minh City
2026-05-23,35.0,26.4,30.1,0.6,10.6,74,60,100.0,43200.0,7.0,Ho Chi Minh City
2026-05-24,35.2,27.1,30.2,1.2,7.7,75,78,100.0,43200.0,7.0,Ho Chi Minh City
2026-05-25,35.7,26.9,30.4,0.9,11.1,74,49,100.0,43200.0,7.0,Ho Chi Minh City
2026-05-26,35.0,27.0,30.3,4.6,12.3,72,56,100.0,43200.0,7.0,Ho Chi Minh City
2026-05-27,34.4,27.4,30.5,0.6,13.2,72,97,100.0,26881.76,7.0,Ho Chi Minh City
2026-05-28,33.6,24.6,29.1,7.6,11.7,81,98,100.0,23792.97,7.0,Ho Chi Minh City
2026-05-29,27.2,24.5,26.0,21.6,9.2,92,100,100.0,328.74,7.0,Ho Chi Minh City
2026-05-30,30.6,25.3,27.2,0.8,11.1,82,98,100.0,9402.01,7.0,Ho Chi Minh City
2026-05-31,28.8,24.1,26.1,4.7,9.2,86,99,100.0,8969.75,7.0,Ho Chi Minh City
2026-06-01,30.3,24.9,27.3,0.6,9.2,81,99,100.0,16009.08,7.0,Ho Chi Minh City
2026-06-02,31.4,24.6,27.1,4.4,12.2,86,94,100.0,21920.21,7.0,Ho Chi Minh City
2026-06-03,30.5,24.2,26.8,10.2,15.5,88,93,100.0,26796.47,7.0,Ho Chi Minh City
2026-06-04,31.4,25.3,27.8,10.6,20.7,85,94,100.0,26216.75,7.0,Ho Chi Minh City
2026-06-05,32.7,25.9,29.0,4.7,12.9,79,94,100.0,40240.7,7.0,Ho Chi Minh City
2026-06-06,34.0,26.5,29.2,3.5,14.4,79,96,100.0,41668.07,7.0,Ho Chi Minh City
2026-06-07,34.4,26.4,29.7,0.7,13.8,77,96,100.0,43200.0,7.0,Ho Chi Minh City
2026-06-08,33.6,26.5,28.8,6.8,19.1,82,90,100.0,39875.49,7.0,Ho Chi Minh City
2026-06-09,33.4,24.9,28.5,8.4,13.5,84,97,100.0,39600.0,7.0,Ho Chi Minh City
2026-06-10,32.0,25.1,28.3,6.0,12.0,84,99,100.0,37278.32,7.0,Ho Chi Minh City
2026-06-11,34.4,23.8,28.3,28.1,10.2,83,92,100.0,39810.26,7.0,Ho Chi Minh City
2026-06-12,33.1,25.4,28.1,7.7,9.4,87,80,100.0,36199.49,7.0,Ho Chi Minh City
2026-06-13,34.0,25.2,28.6,12.3,11.2,85,58,100.0,43200.0,7.0,Ho Chi Minh City
2026-06-14,31.4,25.4,27.9,6.2,12.4,86,69,100.0,42319.85,7.0,Ho Chi Minh City
2026-06-15,33.1,25.0,28.3,4.7,8.8,82,59,100.0,43200.0,7.0,Ho Chi Minh City
2026-06-16,33.1,25.7,28.5,7.2,10.3,82,68,100.0,41357.53,7.0,Ho Chi Minh City
2026-06-17,33.8,25.3,28.7,4.3,11.5,81,69,100.0,42574.24,7.0,Ho Chi Minh City
2026-06-18,33.2,25.2,28.3,4.8,8.8,82,95,100.0,43008.57,7.0,Ho Chi Minh City
2026-06-19,33.6,25.1,28.7,0.6,11.7,80,93,100.0,43200.0,7.0,Ho Chi Minh City
2026-06-20,34.2,25.7,29.0,1.3,14.4,80,56,100.0,43200.0,7.0,Ho Chi Minh City
2026-06-21,34.0,25.9,29.7,1.1,7.4,76,71,100.0,43200.0,7.0,Ho Chi Minh City
2026-06-22,34.5,26.2,30.0,1.3,8.8,75,67,100.0,43200.0,7.0,Ho Chi Minh City
2026-06-23,32.5,25.2,28.6,12.8,11.2,83,92,100.0,36480.46,7.0,Ho Chi Minh City
2026-06-24,35.2,25.8,29.4,4.2,15.3,79,74,100.0,42745.23,7.0,Ho Chi Minh City
2026-06-25,34.2,25.5,28.7,8.9,19.9,79,68,100.0,35131.61,7.0,Ho Chi Minh City
2026-06-26,33.1,25.3,28.7,2.2,11.8,80,49,100.0,43200.0,7.0,Ho Chi Minh City
2026-06-27,33.8,25.7,29.2,0.8,16.1,77,72,100.0,41671.36,7.0,Ho Chi Minh City
2026-06-28,32.3,26.3,27.6,22.0,19.3,88,92,100.0,27227.34,7.0,Ho Chi Minh City
2026-06-29,32.7,26.1,27.9,17.4,14.4,87,90,100.0,36574.35,7.0,Ho Chi Minh City
2026-06-30,32.2,25.0,27.8,13.9,13.9,86,98,100.0,31396.26,7.0,Ho Chi Minh City
2026-07-01,32.9,25.8,28.8,0.5,14.7,79,87,0.0,38184.86,7.0,Ho Chi Minh City
2026-07-02,30.1,24.4,26.7,21.5,13.7,89,99,100.0,13494.16,7.0,Ho Chi Minh City
2026-07-03,29.6,24.9,26.8,6.3,12.4,88,100,100.0,1065.56,7.0,Ho Chi Minh City
2026-07-04,29.6,24.7,26.2,18.8,15.8,91,100,100.0,7279.52,7.0,Ho Chi Minh City
2026-07-05,31.1,24.9,27.4,1.0,9.3,84,98,100.0,25590.61,7.0,Ho Chi Minh City
2026-07-06,30.9,25.4,27.9,1.0,10.3,84,99,100.0,22359.85,7.0,Ho Chi Minh City
2026-07-07,31.5,25.3,27.8,8.5,11.5,85,90,100.0,31428.8,7.0,Ho Chi Minh City
2026-07-08,31.3,24.0,27.0,15.3,18.1,87,83,100.0,36432.13,7.0,Ho Chi Minh City
2026-07-09,33.0,25.4,28.7,2.1,17.7,78,90,100.0,41545.7,7.0,Ho Chi Minh City
2026-07-10,33.6,26.0,29.4,0.5,16.6,74,98,0.0,41819.35,7.0,Ho Chi Minh City
2026-07-11,33.1,26.6,29.3,2.8,22.3,73,56,100.0,42673.19,7.0,Ho Chi Minh City
2026-07-12,30.6,26.2,27.8,6.0,17.3,81,91,100.0,31424.4,7.0,Ho Chi Minh City
2026-07-13,31.5,25.1,27.1,12.7,16.3,84,97,100.0,14806.8,7.0,Ho Chi Minh City
2026-07-14,32.1,25.0,28.0,2.8,20.5,80,84,100.0,39600.0,7.0,Ho Chi Minh City
2026-07-15,31.7,25.0,27.3,23.1,14.3,87,97,100.0,27502.08,7.0,Ho Chi Minh City
2026-07-16,32.6,23.9,27.7,6.2,14.5,82,90,100.0,41681.35,7.0,Ho Chi Minh City
2026-07-17,32.8,25.0,28.3,2.0,14.8,80,91,100.0,35082.88,7.0,Ho Chi Minh City
2026-07-18,32.8,25.7,28.2,5.8,12.5,82,75,100.0,38303.08,7.0,Ho Chi Minh City
2026-07-19,33.0,25.1,28.6,1.0,12.6,81,40,100.0,43200.0,7.0,Ho Chi Minh City
2026-07-20,34.1,25.3,29.2,0.0,12.2,73,18,0.0,43200.0,7.0,Ho Chi Minh City
2026-07-21,34.2,24.8,29.1,0.0,11.6,72,50,0.0,43200.0,7.0,Ho Chi Minh City
2026-07-22,33.5,25.0,29.2,0.4,12.3,72,37,0.0,43200.0,7.0,Ho Chi Minh City
2026-07-23,33.6,25.8,28.7,8.9,16.4,78,50,100.0,40080.68,7.0,Ho Chi Minh City
2026-07-24,32.6,24.9,27.1,11.7,12.0,88,73,100.0,43200.0,7.0,Ho Chi Minh City
2026-07-25,31.2,24.4,26.5,13.4,16.1,90,89,100.0,28091.42,7.0,Ho Chi Minh City
2026-07-26,29.7,24.7,26.4,14.6,15.1,90,94,100.0,28626.88,7.0,Ho Chi Minh City
2026-07-27,32.5,24.6,28.0,0.7,17.1,78,90,100.0,40599.8,7.0,Ho Chi Minh City
2026-07-28,29.6,24.5,26.4,19.1,14.0,89,99,100.0,26771.06,7.0,Ho Chi Minh City
2026-07-29,31.5,24.2,26.9,14.7,10.4,86,93,100.0,36516.31,7.0,Ho Chi Minh City
2026-07-30,31.2,24.1,27.3,7.2,11.6,83,93,100.0,36000.0,7.0,Ho Chi Minh City
2026-07-31,30.0,24.7,26.7,8.6,13.3,89,90,100.0,35494.35,7.0,Ho Chi Minh City
2026-08-01,32.0,24.7,27.7,4.8,12.0,84,95,100.0,39243.97,7.0,Ho Chi Minh City
2026-08-02,33.5,25.2,28.6,4.7,11.9,80,84,100.0,43200.0,7.0,Ho Chi Minh City
2026-08-03,33.8,25.4,29.1,2.0,12.2,78,82,100.0,43200.0,7.0,Ho Chi Minh City
2026-08-04,33.2,26.1,28.8,2.2,12.8,80,81,100.0,43200.0,7.0,Ho Chi Minh City
2026-08-05,31.3,24.4,27.5,7.2,17.1,86,99,100.0,25920.77,7.0,Ho Chi Minh City
2026-08-06,30.7,25.6,27.4,16.6,18.3,87,96,100.0,27585.47,7.0,Ho Chi Minh City
2026-08-07,32.1,25.3,27.8,7.6,18.1,83,82,100.0,32199.3,7.0,Ho Chi Minh City
2026-08-08,32.8,25.7,28.4,3.2,18.8,80,95,100.0,39819.54,7.0,Ho Chi Minh City
2026-08-09,31.4,25.1,27.1,13.0,17.9,85,99,100.0,24049.62,7.0,Ho Chi Minh City
2026-08-10,30.3,24.6,27.1,3.7,13.7,86,93,100.0,19333.09,7.0,Ho Chi Minh City
2026-08-11,30.8,24.8,27.0,17.1,17.1,84,97,100.0,27384.58,7.0,Ho Chi Minh City
2026-08-12,32.7,26.0,29.0,5.8,19.0,76,40,100.0,43200.0,7.0,Ho Chi Minh City
2026-08-13,33.2,25.4,29.2,1.7,19.4,72,26,100.0,43200.0,7.0,Ho Chi Minh City
2026-08-14,32.7,25.7,28.4,9.4,20.8,80,90,100.0,40567.37,7.0,Ho Chi Minh City
2026-08-15,31.4,25.8,27.7,4.4,21.0,81,97,100.0,31707.81,7.0,Ho Chi Minh City
2026-08-16,31.9,25.5,27.8,6.7,18.4,82,96,100.0,32446.24,7.0,Ho Chi Minh City
